"datetime","pm25_2","pm25","DEWP","TEMP","PRES","cbwd","Iws","Is","Ir","aqi_category","aqi_category2"
"1/12/2014 6:00",12,12,-24,-6,1036,"NW",39.78,0,0,1,"1"
"1/12/2014 7:00",12,12,-23,-7,1037,"NW",42.91,0,0,1,"1"
"1/12/2014 8:00",17,17,-22,-6,1038,"cv",0.89,0,0,1,"1"
"1/12/2014 9:00",33,33,-22,-2,1039,"NW",1.79,0,0,1,"1"
"1/12/2014 10:00",22,22,-23,0,1039,"NW",3.58,0,0,1,"1"
"1/12/2014 11:00",20,20,-26,1,1039,"NE",1.79,0,0,1,"1"
"1/12/2014 12:00",10,10,-26,1,1038,"cv",0.89,0,0,1,"1"
"1/12/2014 13:00",14,14,-27,2,1036,"NW",4.02,0,0,1,"1"
"1/12/2014 14:00",12,12,-27,2,1036,"NW",8.04,0,0,1,"1"
"1/12/2014 15:00",12,12,-27,4,1035,"NW",12.06,0,0,1,"1"
"1/12/2014 16:00",8,8,-27,3,1035,"NW",16.98,0,0,1,"1"
"1/12/2014 17:00",19,19,-27,2,1035,"cv",3.13,0,0,1,"1"
"1/12/2014 18:00",40,40,-26,1,1035,"SE",3.13,0,0,2,"2"
"1/12/2014 19:00",37,37,-25,0,1035,"SE",7.15,0,0,2,"2"
"1/12/2014 20:00",42,42,-22,-2,1035,"cv",0.45,0,0,2,"2"
"1/12/2014 21:00",56,56,-22,-4,1035,"cv",1.34,0,0,2,"2"
"1/12/2014 22:00",62,62,-21,-8,1035,"NW",3.13,0,0,2,"2"
"1/12/2014 23:00",57,57,-22,-9,1035,"NE",0.89,0,0,2,"2"
"1/13/2014 0:00",57,57,-19,-9,1034,"cv",0.89,0,0,2,"2"
"1/13/2014 1:00",75,75,-20,-9,1034,"NW",1.79,0,0,2,"2"
"1/13/2014 2:00",96,96,-20,-9,1034,"cv",0.89,0,0,3,"3"
"1/13/2014 3:00",110,110,-18,-9,1034,"NW",1.79,0,0,3,"3"
"1/13/2014 4:00",97,97,-20,-11,1033,"NW",3.58,0,0,3,"3"
"1/13/2014 5:00",105,105,-20,-11,1033,"NW",5.37,0,0,3,"3"
"1/13/2014 6:00",97,96.60511017,-19,-12,1033,"NE",0.89,0,0,3,"3"
"1/13/2014 7:00",63,62.31169891,-19,-11,1033,"NW",1.79,0,0,2,"2"
"1/13/2014 8:00",84,83.08771515,-19,-11,1033,"NE",0.89,0,0,3,"3"
"1/13/2014 9:00",118,117.0189362,-17,-8,1034,"NE",2.68,0,0,3,"3"
"1/13/2014 10:00",125,124.7420425,-18,-4,1033,"cv",0.89,0,0,3,"3"
"1/13/2014 11:00",135,134.2309265,-18,-1,1033,"cv",1.78,0,0,3,"3"
"1/13/2014 12:00",108,107.9449615,-19,0,1031,"cv",2.67,0,0,3,"3"
"1/13/2014 13:00",67,66.60638428,-23,1,1030,"cv",3.56,0,0,2,"2"
"1/13/2014 14:00",64,63.75527954,-22,2,1029,"cv",4.45,0,0,2,"2"
"1/13/2014 15:00",60,59.86198425,-23,3,1029,"SE",1.79,0,0,2,"2"
"1/13/2014 16:00",57,56.70285034,-23,3,1029,"cv",0.89,0,0,2,"2"
"1/13/2014 17:00",61,60.36440277,-22,0,1029,"SE",0.89,0,0,2,"2"
"1/13/2014 18:00",111,110.1964264,-20,-2,1030,"cv",0.89,0,0,3,"3"
"1/13/2014 19:00",132,131.0848083,-19,-6,1030,"NE",1.79,0,0,3,"3"
"1/13/2014 20:00",154,153.3827972,-16,-6,1031,"SE",1.79,0,0,4,"4"
"1/13/2014 21:00",114,113.3029556,-18,-7,1031,"NE",1.79,0,0,3,"3"
"1/13/2014 22:00",161,160.2431793,-17,-7,1032,"SE",0.89,0,0,4,"4"
"1/13/2014 23:00",203,202.7178497,-19,-8,1032,"NE",1.79,0,0,4,"4"
"1/14/2014 0:00",262,261.1121826,-18,-7,1033,"NW",1.79,0,0,4,"4"
"1/14/2014 1:00",229,228.8297577,-19,-8,1033,"NW",3.58,0,0,4,"4"
"1/14/2014 2:00",146,145.1480713,-20,-9,1033,"NW",6.71,0,0,3,"3"
"1/14/2014 3:00",104,103.3133545,-19,-8,1034,"NW",11.63,0,0,3,"3"
"1/14/2014 4:00",73,72.07481384,-21,-10,1034,"NW",15.65,0,0,2,"2"
"1/14/2014 5:00",51,50.20998383,-19,-9,1034,"cv",0.89,0,0,2,"2"
"1/14/2014 6:00",17,16.95146942,-20,-9,1034,"cv",1.78,0,0,1,"1"
"1/14/2014 7:00",58,57.08108902,-18,-9,1035,"cv",2.67,0,0,2,"2"
"1/14/2014 8:00",59,58.97402954,-18,-11,1035,"NW",1.79,0,0,2,"2"
"1/14/2014 9:00",158,157.9959412,-15,-7,1036,"NW",3.58,0,0,4,"4"
"1/14/2014 10:00",184,183.1005249,-12,-2,1036,"NW",5.37,0,0,4,"4"
"1/14/2014 11:00",191,190.1645203,-20,-1,1036,"cv",0.89,0,0,4,"4"
"1/14/2014 12:00",139,138.8742676,-23,1,1035,"cv",1.78,0,0,3,"3"
"1/14/2014 13:00",107,106.6810684,-24,2,1033,"cv",2.67,0,0,3,"3"
"1/14/2014 14:00",67,66.96255493,-23,3,1033,"NW",1.79,0,0,2,"2"
"1/14/2014 15:00",40,39.69037247,-22,3,1033,"cv",1.79,0,0,2,"2"
"1/14/2014 16:00",119,118.815918,-19,3,1032,"SE",3.13,0,0,3,"3"
"1/14/2014 17:00",110,109.9178085,-17,1,1033,"SE",6.26,0,0,3,"3"
"1/14/2014 18:00",140,139.7345581,-16,0,1033,"SE",9.39,0,0,3,"3"
"1/14/2014 19:00",105,104.7170715,-17,0,1033,"SE",12.52,0,0,3,"3"
"1/14/2014 20:00",102,101.6553345,-16,1,1033,"cv",1.79,0,0,3,"3"
"1/14/2014 21:00",78,77.13072205,-15,-5,1034,"cv",2.68,0,0,3,"3"
"1/14/2014 22:00",78,77.32283783,-14,-5,1034,"cv",3.57,0,0,3,"3"
"1/14/2014 23:00",83,82.61915588,-14,-6,1034,"cv",4.46,0,0,3,"3"
"1/15/2014 0:00",118,117.96521,-13,-7,1033,"cv",5.35,0,0,3,"3"
"1/15/2014 1:00",88,87.86309052,-14,-8,1033,"NW",0.89,0,0,3,"3"
"1/15/2014 2:00",120,119.6334839,-15,-7,1034,"NW",2.68,0,0,3,"3"
"1/15/2014 3:00",115,114.8971634,-17,-10,1033,"NW",4.47,0,0,3,"3"
"1/15/2014 4:00",172,171.4279175,-17,-10,1033,"NW",6.26,0,0,4,"4"
"1/15/2014 5:00",183,182.9117737,-18,-10,1033,"cv",0.89,0,0,4,"4"
"1/15/2014 6:00",149,148.0606995,-19,-10,1032,"cv",1.78,0,0,3,"3"
"1/15/2014 7:00",70,69.23551941,-18,-10,1033,"NW",3.13,0,0,2,"2"
"1/15/2014 8:00",72,71.45558929,-18,-7,1033,"NW",4.92,0,0,2,"2"
"1/15/2014 9:00",80,79.746315,-18,-5,1033,"NW",8.05,0,0,3,"3"
"1/15/2014 10:00",78,77.00119019,-17,-2,1033,"NW",12.07,0,0,3,"3"
"1/15/2014 11:00",86,85.95923615,-18,0,1033,"NW",13.86,0,0,3,"3"
"1/15/2014 12:00",53,52.19981003,-20,2,1032,"cv",1.79,0,0,2,"2"
"1/15/2014 13:00",41,40.80811691,-22,5,1030,"cv",2.68,0,0,2,"2"
"1/15/2014 14:00",45,44.6483345,-22,5,1029,"cv",3.57,0,0,2,"2"
"1/15/2014 15:00",43,42.69929504,-22,5,1029,"cv",5.36,0,0,2,"2"
"1/15/2014 16:00",48,47.53431702,-23,5,1029,"cv",6.25,0,0,2,"2"
"1/15/2014 17:00",52,51.57830811,-23,2,1028,"SE",1.79,0,0,2,"2"
"1/15/2014 18:00",131,130.6722565,-16,2,1029,"SE",5.81,0,0,3,"3"
"1/15/2014 19:00",243,242.9167633,-15,0,1029,"SE",8.94,0,0,4,"4"
"1/15/2014 20:00",426,425.9053345,-13,-2,1029,"cv",0.89,0,0,4,"4"
"1/15/2014 21:00",489,488.8041077,-11,-2,1029,"cv",1.78,0,0,4,"4"
"1/15/2014 22:00",504,503.0826721,-11,-2,1028,"SE",1.79,0,0,4,"4"
"1/15/2014 23:00",515,514.6315918,-10,-2,1029,"cv",0.89,0,0,4,"4"
"1/16/2014 0:00",516,515.9326782,-10,-3,1028,"SE",1.79,0,0,4,"4"
"1/16/2014 1:00",523,522.2557983,-9,-3,1027,"cv",0.89,0,0,4,"4"
"1/16/2014 2:00",580,579.3858032,-9,-3,1027,"cv",1.78,0,0,4,"4"
"1/16/2014 3:00",606,605.3049927,-8,-3,1027,"cv",2.67,0,0,4,"4"
"1/16/2014 4:00",625,624.4981689,-7,-3,1027,"NE",1.79,0,0,4,"4"
"1/16/2014 5:00",593,592.1213989,-7,-3,1026,"SE",1.79,0,0,4,"4"
"1/16/2014 6:00",590,589.03479,-7,-4,1027,"NW",0.89,0,0,4,"4"
"1/16/2014 7:00",568,567.6881104,-7,-4,1027,"NW",1.78,0,0,4,"4"
"1/16/2014 8:00",497,496.8945923,-8,-5,1028,"NW",3.57,0,0,4,"4"
"1/16/2014 9:00",457,456.289856,-8,-5,1028,"NW",5.36,0,0,4,"4"
"1/16/2014 10:00",457,456.7380981,-6,-2,1028,"cv",0.89,0,0,4,"4"
"1/16/2014 11:00",427,426.6741333,-11,1,1028,"NE",1.79,0,0,4,"4"
"1/16/2014 12:00",438,437.7165833,-11,2,1027,"NE",5.81,0,0,4,"4"
"1/16/2014 13:00",433,432.3310242,-10,3,1027,"NE",8.94,0,0,4,"4"
"1/16/2014 14:00",316,315.0457153,-11,4,1026,"SE",1.79,0,0,4,"4"
"1/16/2014 15:00",187,186.1064301,-15,5,1027,"SE",3.58,0,0,4,"4"
"1/16/2014 16:00",227,226.4284058,-14,5,1027,"SE",5.37,0,0,4,"4"
"1/16/2014 17:00",289,288.4359436,-11,3,1027,"SE",7.16,0,0,4,"4"
"1/16/2014 18:00",336,335.1783447,-7,0,1029,"SE",10.29,0,0,4,"4"
"1/16/2014 19:00",342,341.041748,-7,-2,1029,"SE",12.08,0,0,4,"4"
"1/16/2014 20:00",424,423.0055542,-6,-1,1030,"SE",13.87,0,0,4,"4"
"1/16/2014 21:00",424,423.8050842,-5,-1,1031,"cv",0.89,0,0,4,"4"
"1/16/2014 22:00",449,448.1323547,-5,-2,1031,"SE",1.79,0,0,4,"4"
"1/16/2014 23:00",304,303.3165283,-4,-1,1031,"SE",3.58,0,0,4,"4"
"1/17/2014 0:00",336,335.2270508,-4,-1,1031,"SE",7.6,0,0,4,"4"
"1/17/2014 1:00",322,321.000885,-5,-2,1031,"SE",10.73,0,0,4,"4"
"1/17/2014 2:00",277,276.6884155,-5,-2,1031,"SE",13.86,0,0,4,"4"
"1/17/2014 3:00",268,267.8077393,-7,-2,1031,"SE",18.78,1,0,4,"4"
"1/17/2014 4:00",196,195.188324,-10,-2,1031,"SE",23.7,2,0,4,"4"
"1/17/2014 5:00",176,175.2729187,-10,-3,1031,"SE",29.51,0,0,4,"4"
"1/17/2014 6:00",112,111.6409149,-10,-3,1031,"SE",34.43,0,0,3,"3"
"1/17/2014 7:00",59,58.80299759,-10,-3,1032,"cv",0.89,1,0,2,"2"
"1/17/2014 8:00",31,30.21463966,-10,-3,1032,"SE",1.79,0,0,1,"1"
"1/17/2014 9:00",99,98.28966522,-10,-3,1033,"SE",3.58,0,0,3,"3"
"1/17/2014 10:00",92,91.42295074,-10,-2,1033,"SE",5.37,0,0,3,"3"
"1/17/2014 11:00",75,74.6149826,-9,0,1033,"cv",0.89,0,0,2,"2"
"1/17/2014 12:00",120,119.5446701,-10,1,1032,"SE",1.79,0,0,3,"3"
"1/17/2014 13:00",87,86.70658112,-11,3,1031,"cv",0.89,0,0,3,"3"
"1/17/2014 14:00",62,61.86652374,-13,5,1030,"cv",2.68,0,0,2,"2"
"1/17/2014 15:00",25,24.25569725,-21,5,1030,"NW",7.15,0,0,1,"1"
"1/17/2014 16:00",2,1.708308816,-21,5,1030,"NW",14.3,0,0,1,"1"
"1/17/2014 17:00",26,-9.363814354,-22,4,1030,"NW",21.45,0,0,1,"1"
"1/17/2014 18:00",20,-15.06447411,-23,4,1031,"NW",28.6,0,0,1,"1"
"1/17/2014 19:00",122,121.8608932,-22,3,1031,"NW",32.62,0,0,3,"3"
"1/17/2014 20:00",217,216.3102875,-22,3,1031,"NW",36.64,0,0,4,"4"
"1/17/2014 21:00",276,275.0441284,-22,3,1032,"NW",40.66,0,0,4,"4"
"1/17/2014 22:00",352,351.3030701,-18,-1,1032,"NW",44.68,0,0,4,"4"
"1/17/2014 23:00",361,360.0452576,-23,3,1032,"NW",49.6,0,0,4,"4"
"1/18/2014 0:00",286,285.6877441,-22,1,1032,"NW",54.52,0,0,4,"4"
"1/18/2014 1:00",95,94.49378204,-20,-2,1032,"NW",57.65,0,0,3,"3"
"1/18/2014 2:00",30,-5.830784798,-21,2,1033,"NW",63.46,0,0,1,"1"
"1/18/2014 3:00",21,20.64808655,-17,-1,1033,"NW",68.38,0,0,1,"1"
"1/18/2014 4:00",38,37.45652008,-17,-4,1033,"NW",73.3,0,0,2,"2"
"1/18/2014 5:00",9,8.185204506,-16,-5,1033,"NE",1.79,0,0,1,"1"
"1/18/2014 6:00",66,65.35423279,-16,-8,1033,"NE",3.58,0,0,2,"2"
"1/18/2014 7:00",30,-5.146439552,-17,-6,1034,"NE",6.71,0,0,1,"1"
"1/18/2014 8:00",23,22.60467339,-16,-5,1034,"NW",3.13,0,0,1,"1"
"1/18/2014 9:00",47,46.59046555,-15,-1,1035,"NW",6.26,0,0,2,"2"
"1/18/2014 10:00",15,14.02848339,-19,3,1035,"NW",9.39,0,0,1,"1"
"1/18/2014 11:00",48,47.97306824,-20,4,1035,"NE",4.02,0,0,2,"2"
"1/18/2014 12:00",42,41.58297729,-20,5,1034,"cv",0.89,0,0,2,"2"
"1/18/2014 13:00",46,45.78016663,-21,6,1033,"cv",2.68,0,0,2,"2"
"1/18/2014 14:00",51,50.09329987,-20,6,1032,"SE",3.13,0,0,2,"2"
"1/18/2014 15:00",149,148.7801514,-19,6,1032,"SE",7.15,0,0,3,"3"
"1/18/2014 16:00",121,120.3727417,-18,5,1031,"SE",12.07,0,0,3,"3"
"1/18/2014 17:00",116,115.333519,-18,3,1031,"SE",16.09,0,0,3,"3"
"1/18/2014 18:00",63,62.70599747,-19,3,1032,"SE",17.88,0,0,2,"2"
"1/18/2014 19:00",146,145.7989655,-16,1,1032,"cv",0.89,0,0,3,"3"
"1/18/2014 20:00",116,115.2327652,-15,1,1031,"SE",1.79,0,0,3,"3"
"1/18/2014 21:00",92,91.5542984,-14,1,1031,"SE",5.81,0,0,3,"3"
"1/18/2014 22:00",168,167.4555664,-12,-2,1032,"SE",7.6,0,0,4,"4"
"1/18/2014 23:00",157,156.4915619,-11,-2,1031,"SE",11.62,0,0,4,"4"
"1/19/2014 0:00",196,195.8036499,-9,-2,1030,"SE",15.64,0,0,4,"4"
"1/19/2014 1:00",192,191.7103119,-8,-2,1030,"SE",19.66,0,0,4,"4"
"1/19/2014 2:00",168,167.805481,-8,-2,1030,"SE",21.45,0,0,4,"4"
"1/19/2014 3:00",161,160.7658386,-8,-2,1028,"SE",24.58,0,0,4,"4"
"1/19/2014 4:00",127,126.8652039,-7,-2,1027,"cv",0.89,0,0,3,"3"
"1/19/2014 5:00",115,114.3785172,-7,-3,1027,"cv",1.78,0,0,3,"3"
"1/19/2014 6:00",116,115.586998,-7,-3,1026,"SE",1.79,0,0,3,"3"
"1/19/2014 7:00",113,112.1598892,-7,-2,1026,"cv",0.89,0,0,3,"3"
"1/19/2014 8:00",131,130.6454773,-7,-3,1025,"cv",1.78,0,0,3,"3"
"1/19/2014 9:00",146,145.111496,-7,-2,1026,"cv",2.67,0,0,3,"3"
"1/19/2014 10:00",131,130.8414001,-6,-2,1026,"NW",1.79,0,0,3,"3"
"1/19/2014 11:00",177,176.9302673,-6,-1,1025,"NW",3.58,0,0,4,"4"
"1/19/2014 12:00",129,128.2150574,-7,1,1023,"cv",0.89,0,0,3,"3"
"1/19/2014 13:00",181,180.2386322,-8,2,1021,"cv",2.68,0,0,4,"4"
"1/19/2014 14:00",184,183.4082184,-9,3,1020,"SE",1.79,0,0,4,"4"
"1/19/2014 15:00",173,172.4704132,-9,3,1020,"SE",4.92,0,0,4,"4"
"1/19/2014 16:00",215,214.2409058,-9,3,1020,"SE",6.71,0,0,4,"4"
"1/19/2014 17:00",203,202.650116,-9,1,1021,"SE",8.5,0,0,4,"4"
"1/19/2014 18:00",212,211.6062775,-9,1,1022,"cv",0.89,0,0,4,"4"
"1/19/2014 19:00",144,143.8418427,-21,5,1023,"NW",12.07,0,0,3,"3"
"1/19/2014 20:00",43,42.76829529,-21,3,1024,"NW",21.9,0,0,2,"2"
"1/19/2014 21:00",25,24.80053711,-21,2,1025,"NW",29.95,0,0,1,"1"
"1/19/2014 22:00",22,-13.40236664,-22,2,1026,"NW",38.89,0,0,1,"1"
"1/19/2014 23:00",35,34.25654221,-21,1,1025,"NW",46.04,0,0,1,"1"
"1/20/2014 0:00",39,38.15763092,-19,-1,1025,"NW",50.06,0,0,2,"2"
"1/20/2014 1:00",26,25.88206673,-20,0,1026,"NW",59.89,0,0,1,"1"
"1/20/2014 2:00",20,19.48795128,-21,-1,1027,"NW",69.72,0,0,1,"1"
"1/20/2014 3:00",11,10.99209213,-23,-1,1027,"NW",84.92,0,0,1,"1"
"1/20/2014 4:00",20,19.34671974,-22,-2,1027,"NW",97.88,0,0,1,"1"
"1/20/2014 5:00",30,29.74184418,-21,-2,1028,"NW",109.06,0,0,1,"1"
"1/20/2014 6:00",25,-10.13143539,-21,-3,1028,"NW",114.87,0,0,1,"1"
"1/20/2014 7:00",2,1.719471693,-21,-2,1028,"NW",123.81,0,0,1,"1"
"1/20/2014 8:00",32,-3.636120319,-21,-2,1029,"NW",135.88,0,0,1,"1"
"1/20/2014 9:00",17,16.06317902,-21,-1,1029,"NW",147.06,0,0,1,"1"
"1/20/2014 10:00",16,15.14131069,-23,0,1030,"NW",159.13,0,0,1,"1"
"1/20/2014 11:00",21,-14.64842415,-24,1,1030,"NW",171.2,0,0,1,"1"
"1/20/2014 12:00",1,0.033857822,-25,2,1030,"NW",183.27,0,0,1,"1"
"1/20/2014 13:00",11,-24.36306,-24,3,1029,"NW",194.45,0,0,1,"1"
"1/20/2014 14:00",13,12.0716095,-24,4,1029,"NW",207.41,0,0,1,"1"
"1/20/2014 15:00",14,13.15447807,-25,3,1029,"NW",219.48,0,0,1,"1"
"1/20/2014 16:00",28,-7.278964996,-24,3,1030,"NW",230.66,0,0,1,"1"
"1/20/2014 17:00",34,33.03486252,-24,2,1030,"NW",240.49,0,0,1,"1"
"1/20/2014 18:00",14,13.52215862,-24,1,1032,"NW",250.32,0,0,1,"1"
"1/20/2014 19:00",24,23.32703781,-23,0,1032,"NW",258.37,0,0,1,"1"
"1/20/2014 20:00",51,50.08455658,-20,0,1033,"NW",265.52,0,0,2,"2"
"1/20/2014 21:00",42,41.90710831,-20,-1,1034,"NW",272.67,0,0,2,"2"
"1/20/2014 22:00",31,30.72040939,-20,-1,1034,"NW",277.59,0,0,1,"1"
"1/20/2014 23:00",28,27.63903046,-20,-1,1034,"NW",284.74,0,0,1,"1"
"1/21/2014 0:00",30,29.64393616,-20,-2,1034,"NW",291.89,0,0,1,"1"
"1/21/2014 1:00",26,25.7701416,-20,-3,1034,"NW",297.7,0,0,1,"1"
"1/21/2014 2:00",5,4.760680676,-22,-2,1034,"NW",306.64,0,0,1,"1"
"1/21/2014 3:00",25,24.65213966,-22,-6,1035,"NW",310.66,0,0,1,"1"
"1/21/2014 4:00",23,22.56318474,-22,-4,1035,"NW",315.58,0,0,1,"1"
"1/21/2014 5:00",24,23.48326874,-22,-6,1035,"NW",318.71,0,0,1,"1"
"1/21/2014 6:00",38,37.70321274,-21,-5,1035,"NW",323.63,0,0,2,"2"
"1/21/2014 7:00",10,9.666753769,-22,-5,1035,"NW",328.55,0,0,1,"1"
"1/21/2014 8:00",50,49.80872726,-21,-5,1035,"NE",3.13,0,0,2,"2"
"1/21/2014 9:00",60,59.17643738,-20,-3,1035,"NE",6.26,0,0,2,"2"
"1/21/2014 10:00",60,59.06509781,-21,-1,1035,"NW",3.13,0,0,2,"2"
"1/21/2014 11:00",25,24.74489212,-23,2,1035,"NW",6.26,0,0,1,"1"
"1/21/2014 12:00",26,25.02953529,-24,2,1033,"cv",0.89,0,0,1,"1"
"1/21/2014 13:00",29,28.59340668,-24,4,1032,"NW",1.79,0,0,1,"1"
"1/21/2014 14:00",35,-0.00105834,-25,4,1030,"cv",3.13,0,0,1,"1"
"1/21/2014 15:00",23,22.33982849,-24,4,1030,"SE",4.02,0,0,1,"1"
"1/21/2014 16:00",26,25.89881134,-24,3,1029,"SE",8.94,0,0,1,"1"
"1/21/2014 17:00",77,76.14532471,-23,3,1029,"SE",12.96,0,0,3,"3"
"1/21/2014 18:00",56,55.77941513,-24,1,1029,"SE",16.09,0,0,2,"2"
"1/21/2014 19:00",72,71.46178436,-23,1,1029,"SE",19.22,0,0,2,"2"
"1/21/2014 20:00",86,85.4648819,-20,-1,1028,"SE",21.01,0,0,3,"3"
"1/21/2014 21:00",107,106.0523224,-19,-1,1028,"SE",22.8,0,0,3,"3"
"1/21/2014 22:00",149,148.5681915,-18,-4,1028,"cv",0.89,0,0,3,"3"
"1/21/2014 23:00",98,97.13816833,-18,-5,1027,"NE",0.89,0,0,3,"3"
"1/22/2014 0:00",124,123.6873016,-18,-6,1027,"SE",1.79,0,0,3,"3"
"1/22/2014 1:00",120,119.1526947,-19,-6,1026,"NE",0.89,0,0,3,"3"
"1/22/2014 2:00",144,143.894043,-18,-8,1026,"NW",0.89,0,0,3,"3"
"1/22/2014 3:00",156,155.907486,-18,-8,1026,"NW",2.68,0,0,4,"4"
"1/22/2014 4:00",179,178.4237061,-18,-9,1025,"NW",4.47,0,0,4,"4"
"1/22/2014 5:00",173,172.9243469,-18,-9,1025,"NW",6.26,0,0,4,"4"
"1/22/2014 6:00",162,161.4507751,-17,-9,1025,"NW",8.05,0,0,4,"4"
"1/22/2014 7:00",117,116.5753021,-19,-10,1025,"NW",11.18,0,0,3,"3"
"1/22/2014 8:00",83,82.88144684,-18,-9,1025,"NW",14.31,0,0,3,"3"
"1/22/2014 9:00",125,124.4072876,-16,-5,1025,"cv",0.89,0,0,3,"3"
"1/22/2014 10:00",107,106.5213699,-18,-2,1025,"NW",3.13,0,0,3,"3"
"1/22/2014 11:00",101,100.3503113,-20,0,1025,"NW",4.92,0,0,3,"3"
"1/22/2014 12:00",112,111.4080429,-20,2,1024,"cv",0.89,0,0,3,"3"
"1/22/2014 13:00",111,110.8870621,-20,3,1023,"SE",1.79,0,0,3,"3"
"1/22/2014 14:00",124,123.1818771,-21,5,1021,"cv",0.89,0,0,3,"3"
"1/22/2014 15:00",104,103.8085861,-22,5,1021,"cv",1.78,0,0,3,"3"
"1/22/2014 16:00",125,124.6014786,-21,5,1021,"SE",1.79,0,0,3,"3"
"1/22/2014 17:00",135,134.790863,-21,4,1021,"cv",0.89,0,0,3,"3"
"1/22/2014 18:00",173,172.4337463,-20,1,1021,"cv",1.78,0,0,4,"4"
"1/22/2014 19:00",215,214.1099701,-16,-2,1021,"SE",0.89,0,0,4,"4"
"1/22/2014 20:00",220,219.8815918,-16,-2,1022,"SE",1.78,0,0,4,"4"
"1/22/2014 21:00",226,225.3023834,-16,-4,1022,"SE",3.57,0,0,4,"4"
"1/22/2014 22:00",219,218.8452301,-17,-5,1022,"NE",1.79,0,0,4,"4"
"1/22/2014 23:00",229,228.7274323,-15,-5,1022,"SE",1.79,0,0,4,"4"
"1/23/2014 0:00",239,238.0926361,-16,-3,1021,"SE",3.58,0,0,4,"4"
"1/23/2014 1:00",286,285.9269409,-16,-6,1021,"NW",1.79,0,0,4,"4"
"1/23/2014 2:00",316,315.2900696,-15,-7,1020,"cv",0.45,0,0,4,"4"
"1/23/2014 3:00",312,311.194458,-15,-7,1020,"cv",0.9,0,0,4,"4"
"1/23/2014 4:00",332,331.3995361,-15,-7,1020,"NW",0.89,0,0,4,"4"
"1/23/2014 5:00",338,337.5551758,-16,-8,1019,"cv",0.45,0,0,4,"4"
"1/23/2014 6:00",293,292.1977844,-15,-8,1018,"NW",0.89,0,0,4,"4"
"1/23/2014 7:00",250,249.665451,-16,-8,1018,"NW",2.68,0,0,4,"4"
"1/23/2014 8:00",221,220.5531158,-15,-6,1018,"NW",4.47,0,0,4,"4"
"1/23/2014 9:00",215,214.7809906,-13,-5,1018,"cv",0.89,0,0,4,"4"
"1/23/2014 10:00",217,216.3910675,-14,-2,1017,"cv",1.34,0,0,4,"4"
"1/23/2014 11:00",200,199.2890778,-16,0,1018,"NW",1.79,0,0,4,"4"
"1/23/2014 12:00",282,281.1434937,-15,2,1016,"cv",0.89,0,0,4,"4"
"1/23/2014 13:00",227,226.1523895,-15,2,1015,"NE",1.79,0,0,4,"4"
"1/23/2014 14:00",212,211.7026367,-14,2,1014,"cv",0.89,0,0,4,"4"
"1/23/2014 15:00",212,211.6382599,-14,3,1014,"cv",1.78,0,0,4,"4"
"1/23/2014 16:00",235,234.0643463,-14,3,1013,"cv",2.67,0,0,4,"4"
"1/23/2014 17:00",225,224.3790588,-14,1,1013,"NE",0.89,0,0,4,"4"
"1/23/2014 18:00",272,271.9386292,-12,-1,1014,"cv",0.89,0,0,4,"4"
"1/23/2014 19:00",287,286.5183716,-12,-4,1015,"cv",1.78,0,0,4,"4"
"1/23/2014 20:00",305,304.9756165,-11,-3,1015,"NW",0.89,0,0,4,"4"
"1/23/2014 21:00",257,256.9507751,-12,-5,1015,"NE",1.79,0,0,4,"4"
"1/23/2014 22:00",295,294.7166748,-11,-4,1015,"NW",0.89,0,0,4,"4"
"1/23/2014 23:00",263,262.6512451,-11,-3,1016,"NW",2.68,0,0,4,"4"
"1/24/2014 0:00",300,299.0997009,-11,-3,1015,"NW",4.47,0,0,4,"4"
"1/24/2014 1:00",266,265.631134,-12,-3,1016,"NW",6.26,0,0,4,"4"
"1/24/2014 2:00",281,280.6693726,-11,-3,1015,"NW",8.05,0,0,4,"4"
"1/24/2014 3:00",282,281.646698,-11,-3,1014,"NW",11.18,0,0,4,"4"
"1/24/2014 4:00",247,246.7051849,-12,-2,1015,"NW",12.97,0,0,4,"4"
"1/24/2014 5:00",243,242.1301727,-12,-3,1014,"NW",16.99,0,0,4,"4"
"1/24/2014 6:00",218,217.5640717,-12,-3,1014,"NW",21.91,0,0,4,"4"
"1/24/2014 7:00",181,180.4875488,-12,-3,1016,"cv",0.89,0,0,4,"4"
"1/24/2014 8:00",220,219.9966278,-12,-3,1016,"cv",1.78,0,0,4,"4"
"1/24/2014 9:00",186,185.6068268,-12,-1,1017,"NW",1.79,0,0,4,"4"
"1/24/2014 10:00",205,204.2683258,-13,1,1017,"NW",3.58,0,0,4,"4"
"1/24/2014 11:00",173,172.9431915,-16,4,1019,"NW",6.71,0,0,4,"4"
"1/24/2014 12:00",164,163.5600128,-15,5,1018,"NW",11.63,0,0,4,"4"
"1/24/2014 13:00",150,149.9416809,-16,7,1017,"NW",15.65,0,0,3,"3"
"1/24/2014 14:00",79,78.73574829,-21,10,1016,"NE",4.92,0,0,3,"3"
"1/24/2014 15:00",68,67.78205109,-22,10,1017,"NE",8.94,0,0,2,"2"
"1/24/2014 16:00",36,35.48867035,-23,10,1017,"NE",13.86,0,0,2,"2"
"1/24/2014 17:00",10,9.134643555,-24,9,1018,"NE",17.88,0,0,1,"1"
"1/24/2014 18:00",17,16.01145935,-24,9,1019,"NE",21.9,0,0,1,"1"
"1/24/2014 19:00",7,6.223859787,-25,8,1020,"NE",25.92,0,0,1,"1"
"1/24/2014 20:00",43,42.88809204,-24,5,1021,"NE",29.05,0,0,2,"2"
"1/24/2014 21:00",3,2.863973618,-23,4,1021,"NW",3.13,0,0,1,"1"
"1/24/2014 22:00",9,8.804695129,-23,4,1021,"NE",1.79,0,0,1,"1"
"1/24/2014 23:00",23,22.8954525,-21,1,1022,"NW",4.02,0,0,1,"1"
"1/25/2014 0:00",38,37.70330429,-20,1,1023,"NE",1.79,0,0,2,"2"
"1/25/2014 1:00",31,30.66809464,-19,-1,1022,"NW",1.79,0,0,1,"1"
"1/25/2014 2:00",63,62.65197754,-17,-1,1023,"cv",0.89,0,0,2,"2"
"1/25/2014 3:00",32,31.88920975,-17,-1,1023,"cv",1.78,0,0,1,"1"
"1/25/2014 4:00",52,51.16294479,-17,-1,1023,"NW",1.79,0,0,2,"2"
"1/25/2014 5:00",49,48.12918854,-15,-2,1023,"NW",3.58,0,0,2,"2"
"1/25/2014 6:00",9,8.182834625,-19,1,1024,"NW",6.71,0,0,1,"1"
"1/25/2014 7:00",2,1.180560589,-21,1,1025,"NW",9.84,0,0,1,"1"
"1/25/2014 8:00",10,9.820842743,-20,0,1026,"NW",12.97,0,0,1,"1"
"1/25/2014 9:00",5,4.701158524,-21,5,1027,"NW",16.99,0,0,1,"1"
"1/25/2014 10:00",13,12.73783302,-20,6,1028,"NE",4.02,0,0,1,"1"
"1/25/2014 11:00",22,21.10509109,-21,6,1028,"NE",8.94,0,0,1,"1"
"1/25/2014 12:00",31,-4.284806252,-22,6,1028,"NE",14.75,0,0,1,"1"
"1/25/2014 13:00",13,12.89255714,-22,6,1027,"NE",20.56,0,0,1,"1"
"1/25/2014 14:00",1,0.846616268,-24,6,1027,"NE",26.37,0,0,1,"1"
"1/25/2014 15:00",14,13.98884773,-24,6,1027,"NE",31.29,0,0,1,"1"
"1/25/2014 16:00",5,4.251768589,-24,5,1027,"NE",35.31,0,0,1,"1"
"1/25/2014 17:00",34,-1.46329546,-24,4,1028,"SE",0.89,0,0,1,"1"
"1/25/2014 18:00",23,22.85166359,-23,0,1029,"cv",0.89,0,0,1,"1"
"1/25/2014 19:00",40,39.0789032,-20,-1,1030,"NW",0.89,0,0,2,"2"
"1/25/2014 20:00",20,19.69787407,-22,-2,1031,"NW",4.02,0,0,1,"1"
"1/25/2014 21:00",97,96.00065613,-13,0,1032,"SE",3.13,0,0,3,"3"
"1/25/2014 22:00",111,110.4074936,-7,0,1033,"SE",6.26,0,0,3,"3"
"1/25/2014 23:00",113,112.0351944,-7,-1,1034,"SE",10.28,0,0,3,"3"
"1/26/2014 0:00",89,88.27987671,-8,-2,1034,"SE",13.41,0,0,3,"3"
"1/26/2014 1:00",77,76.77452087,-9,-3,1034,"SE",15.2,0,0,3,"3"
"1/26/2014 2:00",76,75.31770325,-9,-5,1034,"cv",0.89,0,0,3,"3"
"1/26/2014 3:00",40,39.3903923,-8,-3,1034,"SE",1.79,0,0,2,"2"
"1/26/2014 4:00",19,18.7183876,-9,-2,1033,"SE",3.58,0,0,1,"1"
"1/26/2014 5:00",24,23.21859169,-9,-2,1033,"SE",5.37,0,0,1,"1"
"1/26/2014 6:00",2,1.669546008,-10,-3,1033,"SE",7.16,0,0,1,"1"
"1/26/2014 7:00",16,15.1720829,-12,-5,1034,"SE",10.29,0,0,1,"1"
"1/26/2014 8:00",25,24.47398949,-12,-6,1034,"SE",12.08,0,0,1,"1"
"1/26/2014 9:00",41,40.43516541,-11,-3,1033,"SE",13.87,0,0,2,"2"
"1/26/2014 10:00",53,52.103302,-10,-1,1033,"SE",17,0,0,2,"2"
"1/26/2014 11:00",32,31.52672386,-11,1,1032,"SE",21.02,0,0,1,"1"
"1/26/2014 12:00",23,22.05710793,-11,2,1031,"SE",25.94,0,0,1,"1"
"1/26/2014 13:00",48,47.36091232,-12,2,1029,"SE",30.86,0,0,2,"2"
"1/26/2014 14:00",60,59.55843735,-12,2,1027,"SE",34.88,0,0,2,"2"
"1/26/2014 15:00",63,62.26661301,-12,3,1026,"SE",38.9,0,0,2,"2"
"1/26/2014 16:00",53,52.93876266,-13,3,1024,"SE",42.92,0,0,2,"2"
"1/26/2014 17:00",49,48.9964447,-13,2,1024,"SE",44.71,0,0,2,"2"
"1/26/2014 18:00",59,58.28875351,-13,1,1024,"cv",0.89,0,0,2,"2"
"1/26/2014 19:00",99,98.37696075,-12,0,1024,"SE",3.13,0,0,3,"3"
"1/26/2014 20:00",108,107.0359955,-12,0,1023,"SE",6.26,0,0,3,"3"
"1/26/2014 21:00",138,137.874527,-10,-1,1023,"SE",8.05,0,0,3,"3"
"1/26/2014 22:00",128,127.4724274,-8,-2,1022,"SE",11.18,0,0,3,"3"
"1/26/2014 23:00",146,145.3128662,-8,-3,1021,"SE",12.97,0,0,3,"3"
"1/27/2014 0:00",133,132.6958618,-8,-3,1020,"SE",14.76,0,0,3,"3"
"1/27/2014 1:00",129,128.8404541,-9,-5,1020,"cv",0.45,0,0,3,"3"
"1/27/2014 2:00",129,128.1278534,-10,-6,1019,"NE",0.89,0,0,3,"3"
"1/27/2014 3:00",119,118.975975,-10,-6,1019,"cv",0.45,0,0,3,"3"
"1/27/2014 4:00",126,125.0111008,-10,-7,1018,"NW",1.79,0,0,3,"3"
"1/27/2014 5:00",110,109.9569855,-10,-6,1017,"NW",3.58,0,0,3,"3"
"1/27/2014 6:00",100,99.45110321,-11,-7,1017,"NW",6.71,0,0,3,"3"
"1/27/2014 7:00",111,110.1652756,-10,-7,1017,"NW",8.5,0,0,3,"3"
"1/27/2014 8:00",111,110.4706802,-10,-6,1017,"NW",10.29,0,0,3,"3"
"1/27/2014 9:00",152,151.2370148,-8,-4,1017,"NW",13.42,0,0,4,"4"
"1/27/2014 10:00",164,163.0634918,-8,-1,1017,"NW",16.55,0,0,4,"4"
"1/27/2014 11:00",157,156.406311,-11,2,1018,"NW",19.68,0,0,4,"4"
"1/27/2014 12:00",138,137.8746185,-12,3,1017,"NW",22.81,0,0,3,"3"
"1/27/2014 13:00",146,145.505249,-12,5,1016,"NW",25.94,0,0,3,"3"
"1/27/2014 14:00",143,142.5976868,-12,7,1016,"NW",29.07,0,0,3,"3"
"1/27/2014 15:00",165,164.431778,-12,7,1016,"NW",30.86,0,0,4,"4"
"1/27/2014 16:00",175,174.0954895,-12,7,1017,"NW",32.65,0,0,4,"4"
"1/27/2014 17:00",169,168.2006531,-12,6,1018,"cv",0.89,0,0,4,"4"
"1/27/2014 18:00",55,54.71223068,-20,8,1020,"NW",7.15,0,0,2,"2"
"1/27/2014 19:00",25,-10.32838249,-27,7,1022,"NW",16.09,0,0,1,"1"
"1/27/2014 20:00",15,14.81352234,-27,7,1023,"NW",27.27,0,0,1,"1"
"1/27/2014 21:00",15,-20.39904976,-28,5,1025,"NW",36.21,0,0,1,"1"
"1/27/2014 22:00",19,-16.65410423,-28,4,1026,"NW",44.26,0,0,1,"1"
"1/27/2014 23:00",3,2.171944618,-26,2,1027,"NE",3.13,0,0,1,"1"
"1/28/2014 0:00",20,19.75324249,-24,2,1028,"NE",4.92,0,0,1,"1"
"1/28/2014 1:00",34,33.83220673,-21,-1,1028,"NW",3.13,0,0,1,"1"
"1/28/2014 2:00",21,20.51914978,-21,-3,1029,"NW",7.15,0,0,1,"1"
"1/28/2014 3:00",22,21.58491516,-21,-4,1029,"NW",10.28,0,0,1,"1"
"1/28/2014 4:00",30,29.7543354,-21,-5,1029,"NW",13.41,0,0,1,"1"
"1/28/2014 5:00",29,-6.54406929,-22,-5,1029,"cv",0.89,0,0,1,"1"
"1/28/2014 6:00",30,-5.884696007,-21,-4,1029,"NE",3.13,0,0,1,"1"
"1/28/2014 7:00",0,-35.40522003,-22,-3,1030,"SE",1.79,0,0,1,"1"
"1/28/2014 8:00",2,-33.65261841,-21,-4,1031,"cv",0.89,0,0,1,"1"
"1/28/2014 9:00",26,25.75438881,-19,0,1031,"cv",1.78,0,0,1,"1"
"1/28/2014 10:00",30,-5.702253342,-22,1,1031,"SE",1.79,0,0,1,"1"
"1/28/2014 11:00",29,28.53532219,-16,2,1031,"SE",4.92,0,0,1,"1"
"1/28/2014 12:00",5,4.209764004,-16,3,1030,"SE",8.94,0,0,1,"1"
"1/28/2014 13:00",102,101.7362442,-11,5,1028,"SE",14.75,0,0,3,"3"
"1/28/2014 14:00",64,63.99928665,-12,5,1028,"SE",20.56,0,0,2,"2"
"1/28/2014 15:00",97,96.02988434,-11,5,1027,"SE",25.48,0,0,3,"3"
"1/28/2014 16:00",70,69.47962952,-12,5,1026,"SE",30.4,0,0,2,"2"
"1/28/2014 17:00",53,52.88828278,-13,4,1025,"SE",34.42,0,0,2,"2"
"1/28/2014 18:00",49,48.77164078,-14,1,1025,"SE",37.55,0,0,2,"2"
"1/28/2014 19:00",64,63.82173157,-13,0,1025,"SE",40.68,0,0,2,"2"
"1/28/2014 20:00",74,73.78911591,-10,1,1025,"SE",44.7,0,0,2,"2"
"1/28/2014 21:00",81,80.70214844,-8,-1,1025,"SE",48.72,0,0,3,"3"
"1/28/2014 22:00",101,100.4820404,-8,-2,1024,"SE",52.74,0,0,3,"3"
"1/28/2014 23:00",82,81.23012543,-8,-3,1023,"SE",54.53,0,0,3,"3"
"1/29/2014 0:00",107,106.7501526,-9,-4,1023,"SE",56.32,0,0,3,"3"
"1/29/2014 1:00",92,91.22425842,-9,-5,1022,"NE",1.79,0,0,3,"3"
"1/29/2014 2:00",103,102.6221695,-8,-4,1021,"SE",1.79,0,0,3,"3"
"1/29/2014 3:00",80,79.34378052,-9,-5,1020,"cv",0.89,0,0,3,"3"
"1/29/2014 4:00",59,58.22114944,-10,-6,1019,"cv",1.34,0,0,2,"2"
"1/29/2014 5:00",89,88.05437469,-10,-7,1017,"NE",0.89,0,0,3,"3"
"1/29/2014 6:00",81,80.6135788,-10,-7,1016,"cv",0.89,0,0,3,"3"
"1/29/2014 7:00",77,76.02893829,-10,-7,1016,"NE",0.89,0,0,3,"3"
"1/29/2014 8:00",80,79.06539917,-10,-7,1015,"SE",1.79,0,0,3,"3"
"1/29/2014 9:00",125,124.8360901,-7,-3,1016,"cv",0.89,0,0,3,"3"
"1/29/2014 10:00",112,111.4479752,-7,-2,1015,"SE",1.79,0,0,3,"3"
"1/29/2014 11:00",134,133.3523712,-7,0,1014,"SE",3.58,0,0,3,"3"
"1/29/2014 12:00",128,127.9425049,-8,1,1013,"NE",1.79,0,0,3,"3"
"1/29/2014 13:00",162,161.1556091,-9,2,1012,"SE",1.79,0,0,4,"4"
"1/29/2014 14:00",157,156.4656372,-9,2,1011,"cv",0.89,0,0,4,"4"
"1/29/2014 15:00",197,196.2190247,-9,3,1011,"cv",1.78,0,0,4,"4"
"1/29/2014 16:00",193,192.0680389,-9,3,1011,"cv",2.67,0,0,4,"4"
"1/29/2014 17:00",197,196.3768616,-9,2,1011,"cv",3.56,0,0,4,"4"
"1/29/2014 18:00",230,229.4684448,-8,-1,1011,"NE",0.89,0,0,4,"4"
"1/29/2014 19:00",224,223.8864288,-9,-3,1012,"NE",1.78,0,0,4,"4"
"1/29/2014 20:00",247,246.5245209,-9,-3,1013,"NW",1.79,0,0,4,"4"
"1/29/2014 21:00",232,231.6428223,-9,-3,1013,"NW",4.92,0,0,4,"4"
"1/29/2014 22:00",234,233.4462433,-10,-4,1013,"NW",8.05,0,0,4,"4"
"1/29/2014 23:00",200,199.3360596,-8,-2,1013,"cv",0.89,0,0,4,"4"
"1/30/2014 0:00",190,189.5071716,-10,-3,1014,"cv",1.78,0,0,4,"4"
"1/30/2014 1:00",227,226.7587128,-10,-3,1014,"cv",2.67,0,0,4,"4"
"1/30/2014 2:00",216,215.6700745,-10,-4,1015,"SE",1.79,0,0,4,"4"
"1/30/2014 3:00",225,224.6027222,-10,-2,1015,"cv",0.89,0,0,4,"4"
"1/30/2014 4:00",113,112.6509247,-15,-1,1016,"NW",4.92,0,0,3,"3"
"1/30/2014 5:00",96,95.66130829,-14,-4,1016,"NW",8.94,0,0,3,"3"
"1/30/2014 6:00",4,-31.23535538,-21,1,1017,"NW",14.75,0,0,1,"1"
"1/30/2014 7:00",29,-6.661833763,-20,0,1018,"NW",18.77,0,0,1,"1"
"1/30/2014 8:00",5,4.854117393,-19,-2,1019,"NW",21.9,0,0,1,"1"
"1/30/2014 9:00",30,-5.806476593,-23,4,1020,"cv",0.89,0,0,1,"1"
"1/30/2014 10:00",31,-4.331202507,-24,4,1021,"NE",4.02,0,0,1,"1"
"1/30/2014 11:00",11,10.95930767,-26,5,1021,"NE",7.15,0,0,1,"1"
"1/30/2014 12:00",7,-28.84635544,-27,7,1020,"NE",8.94,0,0,1,"1"
"1/30/2014 13:00",34,-1.305954456,-27,7,1018,"SE",3.13,0,0,1,"1"
"1/30/2014 14:00",18,-17.85827637,-26,8,1017,"SE",4.92,0,0,1,"1"
"1/30/2014 15:00",30,-5.302531242,-26,8,1017,"SE",6.71,0,0,1,"1"
"1/30/2014 16:00",17,16.03874207,-26,8,1017,"SE",10.73,0,0,1,"1"
"1/30/2014 17:00",12,-23.02742577,-24,7,1017,"SE",14.75,0,0,1,"1"
"1/30/2014 18:00",22,21.74477577,-24,4,1018,"SE",16.54,0,0,1,"1"
"1/30/2014 19:00",62,61.38444901,-18,4,1018,"SE",21.46,0,0,2,"2"
"1/30/2014 20:00",93,92.27024841,-7,2,1019,"SE",26.38,0,0,3,"3"
"1/30/2014 21:00",145,144.8592224,-6,0,1020,"SE",29.51,0,0,3,"3"
"1/30/2014 22:00",128,127.8814926,-5,-1,1020,"SE",33.53,0,0,3,"3"
"1/30/2014 23:00",184,183.4973297,-6,-2,1020,"SE",36.66,0,0,4,"4"
"1/31/2014 0:00",172,171.1829071,-7,-1,1021,"SE",39.79,0,0,4,"4"
"1/31/2014 1:00",138,137.0998535,-7,-1,1021,"SE",41.58,0,0,3,"3"
"1/31/2014 2:00",370,369.1266479,-7,-1,1021,"SE",44.71,0,0,4,"4"
"1/31/2014 3:00",286,285.5221252,-7,-2,1021,"SE",46.5,0,0,4,"4"
"1/31/2014 4:00",285,284.6234436,-8,-2,1020,"cv",0.89,0,0,4,"4"
"1/31/2014 5:00",166,165.3377533,-9,-4,1020,"NE",0.89,0,0,4,"4"
"1/31/2014 6:00",144,143.0818939,-9,-4,1020,"NW",1.79,0,0,3,"3"
"1/31/2014 7:00",97,96.10788727,-8,-3,1020,"NW",3.58,0,0,3,"3"
"1/31/2014 8:00",113,112.1808548,-8,-4,1020,"NW",5.37,0,0,3,"3"
"1/31/2014 9:00",148,147.2008057,-6,-1,1020,"NW",9.39,0,0,3,"3"
"1/31/2014 10:00",150,149.3875427,-7,1,1020,"NW",13.41,0,0,3,"3"
"1/31/2014 11:00",106,105.6127853,-7,2,1020,"NW",17.43,0,0,3,"3"
"1/31/2014 12:00",83,82.56616974,-7,2,1019,"cv",0.89,0,0,3,"3"
"1/31/2014 13:00",74,73.543396,-7,3,1019,"NW",1.79,0,0,2,"2"
"1/31/2014 14:00",58,57.48621368,-6,3,1018,"cv",0.89,0,0,2,"2"
"1/31/2014 15:00",125,124.8402481,-5,3,1017,"SE",1.79,0,0,3,"3"
"1/31/2014 16:00",111,110.5613098,-5,3,1017,"SE",3.58,0,0,3,"3"
"1/31/2014 17:00",157,156.5405884,-6,2,1017,"cv",0.89,0,0,4,"4"
"1/31/2014 18:00",126,125.722168,-7,2,1018,"cv",1.78,0,0,3,"3"
"1/31/2014 19:00",194,193.8343048,-7,1,1019,"cv",2.67,0,0,4,"4"
"1/31/2014 20:00",167,166.678894,-5,2,1019,"cv",3.56,0,0,4,"4"
"1/31/2014 21:00",103,102.0385208,-5,2,1019,"cv",4.45,0,0,3,"3"
"1/31/2014 22:00",188,187.9162598,-5,2,1019,"cv",4.9,0,0,4,"4"
"1/31/2014 23:00",117,116.7052002,-4,2,1019,"cv",5.79,0,0,3,"3"
"2/1/2014 0:00",189,188.7743378,-5,2,1019,"NE",0.89,0,0,4,"4"
"2/1/2014 1:00",187,186.757309,-5,2,1018,"cv",0.45,0,0,4,"4"
"2/1/2014 2:00",192,191.4127197,-6,2,1019,"NW",1.79,0,0,4,"4"
"2/1/2014 3:00",181,180.8464355,-5,2,1018,"NW",2.68,0,0,4,"4"
"2/1/2014 4:00",161,160.9644165,-4,1,1018,"NW",4.47,0,0,4,"4"
"2/1/2014 5:00",162,161.4954529,-4,1,1017,"NW",6.26,0,0,4,"4"
"2/1/2014 6:00",155,154.4658203,-5,1,1017,"NW",8.05,0,0,4,"4"
"2/1/2014 7:00",155,154.6185913,-6,2,1018,"NW",11.18,0,0,4,"4"
"2/1/2014 8:00",174,173.8174744,-6,2,1017,"NW",14.31,0,0,4,"4"
"2/1/2014 9:00",174,173.6731567,-7,3,1018,"NW",17.44,0,0,4,"4"
"2/1/2014 10:00",162,161.3714142,-7,3,1018,"NW",20.57,0,0,4,"4"
"2/1/2014 11:00",178,177.7683563,-7,3,1018,"NE",0.89,0,0,4,"4"
"2/1/2014 12:00",186,185.912796,-4,4,1017,"cv",0.89,0,0,4,"4"
"2/1/2014 13:00",169,168.6622162,-3,4,1016,"cv",1.78,0,0,4,"4"
"2/1/2014 14:00",130,129.9468994,-3,4,1015,"SE",1.79,0,0,3,"3"
"2/1/2014 15:00",151,150.2442474,-2,4,1015,"SE",3.58,0,0,4,"4"
"2/1/2014 16:00",170,169.1812897,-1,4,1014,"SE",5.37,0,0,4,"4"
"2/1/2014 17:00",142,141.09552,-1,4,1014,"SE",8.5,0,0,3,"3"
"2/1/2014 18:00",126,125.4307251,-1,4,1014,"SE",11.63,0,0,3,"3"
"2/1/2014 19:00",119,118.2424774,-1,3,1013,"SE",14.76,0,0,3,"3"
"2/1/2014 20:00",134,133.1731415,-1,3,1013,"SE",17.89,0,0,3,"3"
"2/1/2014 21:00",118,117.8710175,-1,2,1013,"SE",21.02,0,0,3,"3"
"2/1/2014 22:00",139,138.4420929,-1,2,1013,"SE",25.04,0,0,3,"3"
"2/1/2014 23:00",140,139.6818695,-1,2,1012,"SE",28.17,0,0,3,"3"
"2/2/2014 0:00",147,146.9259033,-1,2,1012,"SE",29.96,0,0,3,"3"
"2/2/2014 1:00",156,155.7745972,-1,2,1012,"SE",33.09,0,0,4,"4"
"2/2/2014 2:00",153,152.43367,-1,2,1012,"SE",36.22,0,0,4,"4"
"2/2/2014 3:00",164,163.8198242,-1,2,1011,"SE",39.35,0,0,4,"4"
"2/2/2014 4:00",172,171.8959351,-1,2,1011,"SE",41.14,0,0,4,"4"
"2/2/2014 5:00",174,173.267746,-2,2,1011,"cv",0.89,0,0,4,"4"
"2/2/2014 6:00",161,160.5579071,-2,1,1012,"NW",3.13,0,0,4,"4"
"2/2/2014 7:00",153,152.8045044,-3,-1,1012,"NW",7.15,0,0,4,"4"
"2/2/2014 8:00",168,167.0724487,-2,2,1013,"NW",12.96,0,0,4,"4"
"2/2/2014 9:00",150,149.8713837,-5,5,1014,"NW",20.11,0,0,3,"3"
"2/2/2014 10:00",123,122.0318298,-10,8,1015,"NW",28.16,0,0,3,"3"
"2/2/2014 11:00",21,20.85855675,-19,10,1015,"NW",37.1,0,0,1,"1"
"2/2/2014 12:00",14,-21.2225647,-20,10,1014,"NW",49.17,0,0,1,"1"
"2/2/2014 13:00",3,-32.92161179,-21,10,1014,"NW",60.35,0,0,1,"1"
"2/2/2014 14:00",18,-17.88042259,-21,10,1014,"NW",70.18,0,0,1,"1"
"2/2/2014 15:00",12,-23.68828583,-24,9,1015,"NW",81.36,0,0,1,"1"
"2/2/2014 16:00",30,-5.590891838,-24,9,1015,"NW",89.41,0,0,1,"1"
"2/2/2014 17:00",12,-23.30646324,-27,6,1017,"NW",98.35,0,0,1,"1"
"2/2/2014 18:00",4,3.131099224,-29,4,1018,"NW",104.16,0,0,1,"1"
"2/2/2014 19:00",17,-18.13038826,-33,3,1020,"NE",4.92,0,0,1,"1"
"2/2/2014 20:00",30,-5.54061985,-34,3,1020,"NE",10.73,0,0,1,"1"
"2/2/2014 21:00",6,-29.04723358,-34,2,1021,"NE",14.75,0,0,1,"1"
"2/2/2014 22:00",1,-34.91073608,-33,2,1021,"NE",18.77,0,0,1,"1"
"2/2/2014 23:00",2,-54.44837189,-35,1,1022,"NE",21.9,0,0,1,"1"
"2/3/2014 0:00",22,-13.94520378,-35,1,1023,"NE",26.82,0,0,1,"1"
"2/3/2014 1:00",29,-6.660238266,-34,0,1024,"NE",28.61,0,0,1,"1"
"2/3/2014 2:00",16,15.25244331,-29,0,1024,"NE",30.4,0,0,1,"1"
"2/3/2014 3:00",26,-9.929265022,-28,0,1025,"cv",0.89,0,0,1,"1"
"2/3/2014 4:00",58,57.68159485,-21,-1,1026,"NW",8.05,0,0,2,"2"
"2/3/2014 5:00",11,-24.96044159,-31,-2,1027,"NW",13.86,0,0,1,"1"
"2/3/2014 6:00",4,-31.93985367,-35,-3,1028,"NW",22.8,0,0,1,"1"
"2/3/2014 7:00",4,-37.8776207,-33,-4,1028,"NW",29.95,0,0,1,"1"
"2/3/2014 8:00",2,-33.68065262,-33,-3,1029,"NW",38.89,0,0,1,"1"
"2/3/2014 9:00",8,-27.40553284,-32,-2,1029,"NW",46.94,0,0,1,"1"
"2/3/2014 10:00",2,-46.12548828,-32,-1,1029,"NW",54.99,0,0,1,"1"
"2/3/2014 11:00",5,-56.2131958,-33,0,1029,"NW",63.04,0,0,1,"1"
"2/3/2014 12:00",5,-36.97622299,-36,0,1027,"NW",71.09,0,0,1,"1"
"2/3/2014 13:00",0,-35.2482872,-37,1,1026,"NW",80.03,0,0,1,"1"
"2/3/2014 14:00",12,-23.44652367,-36,2,1025,"NW",88.08,0,0,1,"1"
"2/3/2014 15:00",3,-32.49699402,-39,2,1025,"NW",96.13,0,0,1,"1"
"2/3/2014 16:00",3,-60.46223831,-40,2,1025,"NW",104.18,0,0,1,"1"
"2/3/2014 17:00",22,-13.80191994,-38,1,1026,"NW",113.12,0,0,1,"1"
"2/3/2014 18:00",15,14.43840694,-33,-1,1027,"NW",118.04,0,0,1,"1"
"2/3/2014 19:00",34,-1.501741409,-34,-5,1028,"NW",122.06,0,0,1,"1"
"2/3/2014 20:00",37,36.99241638,-33,-5,1028,"NW",126.08,0,0,2,"2"
"2/3/2014 21:00",18,-17.25102043,-33,-3,1029,"NE",4.02,0,0,1,"1"
"2/3/2014 22:00",10,9.82192421,-33,-5,1029,"NE",5.81,0,0,1,"1"
"2/3/2014 23:00",4,3.916842699,-32,-3,1029,"NW",4.92,0,0,1,"1"
"2/4/2014 0:00",6,5.044699669,-32,-5,1029,"NW",6.71,0,0,1,"1"
"2/4/2014 1:00",9,8.834812164,-31,-4,1030,"NW",12.52,0,0,1,"1"
"2/4/2014 2:00",29,-6.772888184,-32,-5,1030,"NW",19.67,0,0,1,"1"
"2/4/2014 3:00",4,3.291682243,-32,-5,1030,"NW",25.48,0,0,1,"1"
"2/4/2014 4:00",3,-45.36434174,-32,-5,1030,"NW",30.4,0,0,1,"1"
"2/4/2014 5:00",11,-24.82999611,-32,-6,1030,"NW",35.32,0,0,1,"1"
"2/4/2014 6:00",32,-3.411851883,-32,-6,1030,"NW",40.24,0,0,1,"1"
"2/4/2014 7:00",31,-4.367605686,-32,-6,1031,"NW",46.05,0,0,1,"1"
"2/4/2014 8:00",18,-17.94489288,-32,-5,1032,"NW",51.86,0,0,1,"1"
"2/4/2014 9:00",7,6.338551521,-32,-3,1032,"NW",56.78,0,0,1,"1"
"2/4/2014 10:00",7,6.553809166,-32,-2,1032,"NW",63.93,0,0,1,"1"
"2/4/2014 11:00",17,-18.05884171,-34,-2,1032,"NW",71.08,0,0,1,"1"
"2/4/2014 12:00",9,-26.25738144,-33,0,1031,"NW",72.87,0,0,1,"1"
"2/4/2014 13:00",4,-48.62250137,-37,1,1030,"NW",76,0,0,1,"1"
"2/4/2014 14:00",5,-30.09247208,-38,0,1028,"NW",80.02,0,0,1,"1"
"2/4/2014 15:00",4,-48.81348038,-37,1,1028,"NW",81.81,0,0,1,"1"
"2/4/2014 16:00",35,-0.750329018,-36,0,1028,"SE",3.13,0,0,1,"1"
"2/4/2014 17:00",17,16.22776794,-33,0,1027,"SE",6.26,0,0,1,"1"
"2/4/2014 18:00",4,3.725686073,-30,-2,1027,"NE",0.89,0,0,1,"1"
"2/4/2014 19:00",42,41.28828049,-27,-4,1028,"SE",0.89,0,0,2,"2"
"2/4/2014 20:00",37,36.1524086,-27,-4,1028,"SE",1.78,0,0,2,"2"
"2/4/2014 21:00",74,73.97413635,-27,-2,1029,"SE",3.57,0,0,2,"2"
"2/4/2014 22:00",81,80.47172546,-27,-2,1029,"SE",5.36,0,0,3,"3"
"2/4/2014 23:00",102,101.2911301,-24,-6,1030,"NE",0.89,0,0,3,"3"
"2/5/2014 0:00",108,107.4198151,-22,-5,1030,"SE",1.79,0,0,3,"3"
"2/5/2014 1:00",89,88.48891449,-25,-5,1029,"SE",3.58,0,0,3,"3"
"2/5/2014 2:00",80,79.90061951,-25,-5,1029,"cv",0.89,0,0,3,"3"
"2/5/2014 3:00",38,37.50994492,-25,-6,1029,"SE",1.79,0,0,2,"2"
"2/5/2014 4:00",58,57.4550972,-24,-7,1029,"cv",0.89,0,0,2,"2"
"2/5/2014 5:00",32,31.19014359,-25,-8,1029,"cv",1.34,0,0,1,"1"
"2/5/2014 6:00",108,107.1940155,-24,-11,1029,"cv",2.23,0,0,3,"3"
"2/5/2014 7:00",139,138.6426544,-22,-11,1030,"NE",0.89,0,0,3,"3"
"2/5/2014 8:00",138,137.9700623,-22,-11,1030,"NE",1.78,0,0,3,"3"
"2/5/2014 9:00",114,113.4350052,-22,-6,1030,"cv",0.89,0,0,3,"3"
"2/5/2014 10:00",104,103.4698868,-20,-4,1030,"cv",1.78,0,0,3,"3"
"2/5/2014 11:00",138,137.2392578,-19,-2,1030,"cv",2.67,0,0,3,"3"
"2/5/2014 12:00",97,96.71987915,-19,1,1029,"cv",3.56,0,0,3,"3"
"2/5/2014 13:00",146,145.5883789,-16,1,1028,"cv",4.45,0,0,3,"3"
"2/5/2014 14:00",123,122.6190643,-14,1,1027,"SE",4.02,0,0,3,"3"
"2/5/2014 15:00",124,123.3191071,-14,1,1027,"SE",7.15,0,0,3,"3"
"2/5/2014 16:00",118,117.0280533,-14,1,1027,"SE",8.94,0,0,3,"3"
"2/5/2014 17:00",122,121.9256973,-13,0,1027,"SE",10.73,0,0,3,"3"
"2/5/2014 18:00",128,127.1297073,-12,-1,1028,"SE",11.62,0,0,3,"3"
"2/5/2014 19:00",107,106.5686951,-12,-2,1028,"SE",12.51,0,0,3,"3"
"2/5/2014 20:00",124,123.9290009,-12,-3,1028,"SE",13.4,0,0,3,"3"
"2/5/2014 21:00",79,78.96980286,-12,-3,1028,"SE",14.29,0,0,3,"3"
"2/5/2014 22:00",110,109.3746643,-11,-4,1029,"SE",16.08,0,0,3,"3"
"2/5/2014 23:00",102,101.9773788,-12,-5,1029,"NE",1.79,0,0,3,"3"
"2/6/2014 0:00",131,130.440033,-12,-4,1029,"NE",2.68,0,0,3,"3"
"2/6/2014 1:00",145,144.2888184,-12,-5,1029,"cv",0.89,0,0,3,"3"
"2/6/2014 2:00",166,165.9657288,-12,-5,1029,"SE",1.79,0,0,4,"4"
"2/6/2014 3:00",197,196.4655304,-13,-6,1029,"cv",0.89,0,0,4,"4"
"2/6/2014 4:00",198,197.3885803,-14,-7,1029,"NW",0.89,0,0,4,"4"
"2/6/2014 5:00",220,219.7800903,-13,-8,1029,"NW",2.68,0,0,4,"4"
"2/6/2014 6:00",187,186.9871979,-13,-6,1030,"cv",0.45,0,0,4,"4"
"2/6/2014 7:00",176,175.3477173,-13,-7,1030,"cv",1.34,0,0,4,"4"
"2/6/2014 8:00",150,149.7022705,-12,-7,1031,"NE",0.89,0,0,3,"3"
"2/6/2014 9:00",160,159.1919708,-11,-3,1032,"NW",1.79,0,0,4,"4"
"2/6/2014 10:00",175,174.9922028,-12,-1,1032,"NW",3.58,0,0,4,"4"
"2/6/2014 11:00",161,160.1060333,-13,0,1031,"NW",5.37,0,0,4,"4"
"2/6/2014 12:00",140,139.5466156,-15,1,1030,"cv",0.89,0,0,3,"3"
"2/6/2014 13:00",124,123.1197586,-15,1,1029,"cv",1.78,0,0,3,"3"
"2/6/2014 14:00",114,113.4525223,-16,2,1029,"cv",2.67,0,0,3,"3"
"2/6/2014 15:00",115,114.0423431,-16,2,1029,"cv",3.56,0,0,3,"3"
"2/6/2014 16:00",132,131.3381348,-15,1,1030,"SE",1.79,0,0,3,"3"
"2/6/2014 17:00",116,115.76754,-16,1,1029,"SE",3.58,0,0,3,"3"
"2/6/2014 18:00",112,111.0258102,-16,0,1029,"cv",0.89,0,0,3,"3"
"2/6/2014 19:00",118,117.9269257,-14,-1,1030,"cv",1.34,0,0,3,"3"
"2/6/2014 20:00",116,115.4700089,-14,-1,1030,"SE",0.89,0,0,3,"3"
"2/6/2014 21:00",142,141.5165405,-12,-1,1031,"SE",2.68,0,0,3,"3"
"2/6/2014 22:00",178,177.7333221,-8,-2,1031,"SE",4.47,0,0,4,"4"
"2/6/2014 23:00",168,167.6340027,-6,-1,1031,"SE",7.6,0,0,4,"4"
"2/7/2014 0:00",112,111.3795471,-7,-2,1031,"SE",9.39,0,0,3,"3"
"2/7/2014 1:00",108,107.4826431,-7,-2,1030,"SE",12.52,0,0,3,"3"
"2/7/2014 2:00",93,92.33517456,-7,-2,1030,"SE",15.65,0,0,3,"3"
"2/7/2014 3:00",98,97.03355408,-8,-2,1030,"SE",17.44,0,0,3,"3"
"2/7/2014 4:00",92,91.81772614,-10,-3,1029,"SE",19.23,0,0,3,"3"
"2/7/2014 5:00",99,98.24286652,-11,-3,1029,"SE",22.36,0,0,3,"3"
"2/7/2014 6:00",87,86.8624115,-10,-3,1029,"SE",26.38,1,0,3,"3"
"2/7/2014 7:00",107,106.1531372,-8,-4,1029,"SE",30.4,2,0,3,"3"
"2/7/2014 8:00",105,104.2068176,-7,-5,1029,"SE",32.19,3,0,3,"3"
"2/7/2014 9:00",109,108.2112885,-7,-5,1029,"SE",33.98,4,0,3,"3"
"2/7/2014 10:00",122,121.1243439,-7,-5,1029,"SE",35.77,5,0,3,"3"
"2/7/2014 11:00",125,124.6892014,-7,-4,1029,"SE",37.56,6,0,3,"3"
"2/7/2014 12:00",109,108.5178604,-7,-4,1028,"SE",39.35,7,0,3,"3"
"2/7/2014 13:00",103,102.2206955,-6,-3,1026,"SE",41.14,8,0,3,"3"
"2/7/2014 14:00",78,77.08161163,-7,-4,1026,"SE",44.27,9,0,3,"3"
"2/7/2014 15:00",106,105.334259,-6,-3,1025,"SE",46.06,10,0,3,"3"
"2/7/2014 16:00",82,81.88335419,-7,-3,1024,"SE",47.85,11,0,3,"3"
"2/7/2014 17:00",88,87.8061142,-6,-3,1024,"SE",49.64,12,0,3,"3"
"2/7/2014 18:00",103,102.7633896,-7,-3,1025,"SE",51.43,13,0,3,"3"
"2/7/2014 19:00",120,119.5918198,-7,-3,1025,"SE",54.56,14,0,3,"3"
"2/7/2014 20:00",116,115.6466141,-7,-3,1025,"SE",57.69,15,0,3,"3"
"2/7/2014 21:00",140,139.6771698,-6,-4,1025,"SE",59.48,16,0,3,"3"
"2/7/2014 22:00",117,116.6055984,-6,-4,1025,"SE",61.27,17,0,3,"3"
"2/7/2014 23:00",134,133.3824615,-6,-4,1025,"SE",63.06,18,0,3,"3"
"2/8/2014 0:00",126,125.612175,-6,-4,1025,"SE",66.19,19,0,3,"3"
"2/8/2014 1:00",121,120.7867966,-6,-4,1025,"SE",69.32,20,0,3,"3"
"2/8/2014 2:00",111,110.6095963,-6,-4,1025,"SE",71.11,21,0,3,"3"
"2/8/2014 3:00",106,105.0385208,-6,-4,1025,"SE",72,22,0,3,"3"
"2/8/2014 4:00",98,97.55919647,-7,-4,1024,"cv",0.89,23,0,3,"3"
"2/8/2014 5:00",118,117.8807526,-7,-4,1024,"cv",1.78,0,0,3,"3"
"2/8/2014 6:00",135,134.8671875,-6,-4,1024,"NE",1.79,0,0,3,"3"
"2/8/2014 7:00",124,123.7107086,-7,-4,1025,"NE",2.68,0,0,3,"3"
"2/8/2014 8:00",140,139.3956299,-7,-5,1026,"NW",3.13,0,0,3,"3"
"2/8/2014 9:00",167,166.7252045,-7,-5,1027,"NW",4.92,0,0,4,"4"
"2/8/2014 10:00",155,154.8915253,-6,-3,1028,"NE",1.79,0,0,4,"4"
"2/8/2014 11:00",98,97.23955536,-8,0,1028,"NW",3.13,0,0,3,"3"
"2/8/2014 12:00",21,20.4995594,-13,1,1027,"NW",7.15,0,0,1,"1"
"2/8/2014 13:00",1,0.021852255,-14,0,1027,"NE",4.02,0,0,1,"1"
"2/8/2014 14:00",33,-2.581337929,-14,2,1027,"NW",4.92,0,0,1,"1"
"2/8/2014 15:00",19,-16.71120644,-16,1,1027,"NE",3.13,0,0,1,"1"
"2/8/2014 16:00",12,11.25694752,-16,2,1027,"NW",7.15,0,0,1,"1"
"2/8/2014 17:00",24,-11.53880024,-17,0,1028,"NW",15.2,0,0,1,"1"
"2/8/2014 18:00",12,11.92636299,-17,-3,1030,"NW",21.01,0,0,1,"1"
"2/8/2014 19:00",29,-6.258761406,-19,-3,1031,"NW",29.06,0,0,1,"1"
"2/8/2014 20:00",20,19.8859787,-19,-5,1033,"NW",34.87,0,0,1,"1"
"2/8/2014 21:00",22,21.44145393,-20,-6,1034,"NW",40.68,0,0,1,"1"
"2/8/2014 22:00",4,3.472647667,-21,-7,1035,"NW",46.49,0,0,1,"1"
"2/8/2014 23:00",9,8.4398489,-21,-8,1036,"NW",50.51,0,0,1,"1"
"2/9/2014 0:00",33,-2.207302094,-21,-7,1036,"NW",55.43,0,0,1,"1"
"2/9/2014 1:00",28,-7.851641655,-22,-8,1037,"NW",61.24,0,0,1,"1"
"2/9/2014 2:00",18,17.21469116,-22,-8,1037,"NW",66.16,0,0,1,"1"
"2/9/2014 3:00",2,1.694141984,-22,-9,1037,"NW",71.08,0,0,1,"1"
"2/9/2014 4:00",14,-21.29610443,-23,-11,1037,"NW",74.21,0,0,1,"1"
"2/9/2014 5:00",33,-2.611594677,-22,-12,1037,"NW",77.34,0,0,1,"1"
"2/9/2014 6:00",29,-6.406218529,-22,-10,1037,"NW",82.26,0,0,1,"1"
"2/9/2014 7:00",29,-6.034562111,-22,-9,1038,"NW",88.07,0,0,1,"1"
"2/9/2014 8:00",5,4.865716934,-21,-10,1038,"NW",91.2,0,0,1,"1"
"2/9/2014 9:00",35,-0.483937025,-21,-7,1039,"NW",95.22,0,0,1,"1"
"2/9/2014 10:00",12,11.8261652,-22,-5,1038,"NW",100.14,0,0,1,"1"
"2/9/2014 11:00",27,-8.392902374,-22,-4,1038,"NW",105.06,0,0,1,"1"
"2/9/2014 12:00",10,9.983596802,-22,-3,1037,"NW",109.08,0,0,1,"1"
"2/9/2014 13:00",20,-15.61740303,-22,-3,1036,"NW",113.1,0,0,1,"1"
"2/9/2014 14:00",28,-7.067623138,-21,-1,1035,"NW",116.23,0,0,1,"1"
"2/9/2014 15:00",4,3.759868622,-22,-1,1034,"NW",119.36,0,0,1,"1"
"2/9/2014 16:00",15,14.77145863,-22,-1,1034,"cv",0.89,0,0,1,"1"
"2/9/2014 17:00",6,5.614432335,-22,-1,1034,"NW",3.13,0,0,1,"1"
"2/9/2014 18:00",14,13.44088554,-21,-2,1035,"NW",7.15,0,0,1,"1"
"2/9/2014 19:00",23,22.51155281,-20,-3,1035,"NW",12.07,0,0,1,"1"
"2/9/2014 20:00",22,21.06305695,-20,-4,1036,"NW",16.09,0,0,1,"1"
"2/9/2014 21:00",21,20.67567635,-19,-5,1036,"NW",21.01,0,0,1,"1"
"2/9/2014 22:00",29,28.50477791,-19,-8,1037,"NW",22.8,0,0,1,"1"
"2/9/2014 23:00",8,7.645678997,-21,-9,1037,"NW",26.82,0,0,1,"1"
"2/10/2014 0:00",24,23.39347076,-19,-9,1038,"NW",29.95,0,0,1,"1"
"2/10/2014 1:00",21,20.8570385,-21,-9,1038,"NW",33.08,0,0,1,"1"
"2/10/2014 2:00",23,22.92492676,-20,-9,1038,"NW",36.21,0,0,1,"1"
"2/10/2014 3:00",3,2.227233648,-21,-12,1037,"NW",39.34,0,0,1,"1"
"2/10/2014 4:00",29,-6.825857162,-21,-11,1037,"NW",42.47,0,0,1,"1"
"2/10/2014 5:00",7,6.918248177,-21,-12,1037,"NW",45.6,0,0,1,"1"
"2/10/2014 6:00",33,32.51402283,-21,-10,1037,"NE",1.79,0,0,1,"1"
"2/10/2014 7:00",26,-9.375185966,-21,-12,1037,"NW",1.79,0,0,1,"1"
"2/10/2014 8:00",29,28.84320259,-18,-9,1038,"NW",4.92,0,0,1,"1"
"2/10/2014 9:00",8,7.063425064,-20,-6,1038,"NE",4.92,0,0,1,"1"
"2/10/2014 10:00",48,47.08797836,-21,-5,1038,"NE",8.94,0,0,2,"2"
"2/10/2014 11:00",27,26.07308578,-22,-3,1037,"NW",3.13,0,0,1,"1"
"2/10/2014 12:00",8,7.828131199,-23,-3,1036,"NW",4.92,0,0,1,"1"
"2/10/2014 13:00",7,6.529550076,-22,-3,1034,"SE",1.79,0,0,1,"1"
"2/10/2014 14:00",19,18.31061554,-21,-2,1033,"SE",3.58,0,0,1,"1"
"2/10/2014 15:00",17,16.36762047,-21,-1,1032,"SE",5.37,0,0,1,"1"
"2/10/2014 16:00",19,18.9039917,-21,-1,1032,"SE",8.5,0,0,1,"1"
"2/10/2014 17:00",28,27.54318428,-19,-3,1032,"SE",12.52,0,0,1,"1"
"2/10/2014 18:00",39,38.68080902,-19,-3,1032,"SE",16.54,0,0,2,"2"
"2/10/2014 19:00",52,51.7996521,-18,-4,1032,"SE",19.67,0,0,2,"2"
"2/10/2014 20:00",51,50.2503624,-18,-4,1032,"SE",21.46,0,0,2,"2"
"2/10/2014 21:00",63,62.08735275,-16,-6,1032,"cv",0.89,0,0,2,"2"
"2/10/2014 22:00",42,41.20896912,-16,-7,1032,"cv",1.78,0,0,2,"2"
"2/10/2014 23:00",66,65.3915863,-15,-8,1032,"SE",0.89,0,0,2,"2"
"2/11/2014 0:00",83,82.54997253,-16,-10,1031,"cv",0.89,0,0,3,"3"
"2/11/2014 1:00",67,66.28964233,-16,-10,1031,"SE",1.79,0,0,2,"2"
"2/11/2014 2:00",79,78.20618439,-15,-10,1030,"NE",0.89,0,0,3,"3"
"2/11/2014 3:00",54,53.0830574,-16,-12,1030,"cv",0.45,0,0,2,"2"
"2/11/2014 4:00",102,101.2877045,-17,-12,1029,"cv",0.9,0,0,3,"3"
"2/11/2014 5:00",102,101.050499,-16,-12,1029,"NW",1.79,0,0,3,"3"
"2/11/2014 6:00",97,96.29685211,-17,-12,1029,"NW",3.58,0,0,3,"3"
"2/11/2014 7:00",86,85.83374023,-18,-12,1029,"NW",5.37,0,0,3,"3"
"2/11/2014 8:00",78,77.94862366,-17,-11,1030,"NW",7.16,0,0,3,"3"
"2/11/2014 9:00",95,94.69395447,-15,-8,1030,"NW",8.95,0,0,3,"3"
"2/11/2014 10:00",82,81.80604553,-15,-5,1030,"NW",10.74,0,0,3,"3"
"2/11/2014 11:00",78,77.48739624,-16,-3,1029,"cv",0.89,0,0,3,"3"
"2/11/2014 12:00",65,64.86532593,-16,-2,1028,"cv",1.78,0,0,2,"2"
"2/11/2014 13:00",73,72.96025085,-16,-1,1027,"SE",1.79,0,0,2,"2"
"2/11/2014 14:00",90,89.6293869,-17,0,1026,"cv",3.13,0,0,3,"3"
"2/11/2014 15:00",117,116.0271454,-17,1,1026,"SE",4.02,0,0,3,"3"
"2/11/2014 16:00",124,123.2421341,-17,1,1025,"SE",8.04,0,0,3,"3"
"2/11/2014 17:00",119,118.9925232,-17,0,1025,"SE",12.06,0,0,3,"3"
"2/11/2014 18:00",126,125.1048508,-15,-1,1026,"SE",13.85,0,0,3,"3"
"2/11/2014 19:00",184,183.6162872,-13,-2,1027,"SE",15.64,0,0,4,"4"
"2/11/2014 20:00",204,203.0160217,-13,-5,1027,"cv",0.89,0,0,4,"4"
"2/11/2014 21:00",220,219.7190094,-12,-5,1028,"cv",1.78,0,0,4,"4"
"2/11/2014 22:00",188,187.3749237,-13,-7,1028,"NE",0.89,0,0,4,"4"
"2/11/2014 23:00",162,161.9609375,-13,-7,1029,"cv",0.89,0,0,4,"4"
"2/12/2014 0:00",160,159.2247009,-13,-8,1029,"NE",0.89,0,0,4,"4"
"2/12/2014 1:00",178,177.4156342,-14,-10,1029,"NE",1.78,0,0,4,"4"
"2/12/2014 2:00",210,209.6750793,-16,-10,1030,"NW",3.13,0,0,4,"4"
"2/12/2014 3:00",227,226.9043884,-15,-10,1030,"NW",6.26,0,0,4,"4"
"2/12/2014 4:00",227,226.0997772,-14,-9,1030,"NW",9.39,0,0,4,"4"
"2/12/2014 5:00",159,158.4687347,-14,-8,1031,"NW",12.52,0,0,4,"4"
"2/12/2014 6:00",118,117.8434906,-16,-9,1031,"NW",15.65,0,0,3,"3"
"2/12/2014 7:00",125,124.4956207,-14,-7,1032,"NW",20.57,0,0,3,"3"
"2/12/2014 8:00",133,132.3134308,-14,-7,1033,"NW",24.59,0,0,3,"3"
"2/12/2014 9:00",131,130.6696472,-18,-3,1034,"NE",3.13,0,0,3,"3"
"2/12/2014 10:00",91,90.55554199,-18,0,1034,"NE",4.92,0,0,3,"3"
"2/12/2014 11:00",50,49.94155121,-22,1,1034,"NE",8.05,0,0,2,"2"
"2/12/2014 12:00",19,18.29122353,-23,2,1033,"NE",11.18,0,0,1,"1"
"2/12/2014 13:00",22,21.90670586,-22,4,1033,"SE",1.79,0,0,1,"1"
"2/12/2014 14:00",31,30.30028534,-21,4,1032,"SE",3.58,0,0,1,"1"
"2/12/2014 15:00",61,60.03589249,-20,4,1031,"cv",1.79,0,0,2,"2"
"2/12/2014 16:00",88,87.48526764,-20,3,1032,"SE",3.13,0,0,3,"3"
"2/12/2014 17:00",112,111.8650665,-19,2,1032,"SE",6.26,0,0,3,"3"
"2/12/2014 18:00",116,115.2096939,-19,2,1032,"SE",9.39,0,0,3,"3"
"2/12/2014 19:00",178,177.9293365,-15,1,1033,"SE",13.41,0,0,4,"4"
"2/12/2014 20:00",235,234.6251984,-15,0,1034,"SE",15.2,0,0,4,"4"
"2/12/2014 21:00",245,244.8039856,-12,-1,1035,"SE",18.33,0,0,4,"4"
"2/12/2014 22:00",197,196.9021912,-12,-2,1035,"SE",21.46,0,0,4,"4"
"2/12/2014 23:00",181,180.4141846,-9,-3,1036,"SE",24.59,0,0,4,"4"
"2/13/2014 0:00",166,165.1213989,-8,-3,1036,"SE",28.61,0,0,4,"4"
"2/13/2014 1:00",233,232.7627411,-9,-4,1036,"SE",32.63,0,0,4,"4"
"2/13/2014 2:00",235,234.0396881,-10,-4,1037,"SE",35.76,0,0,4,"4"
"2/13/2014 3:00",236,235.0919647,-10,-3,1037,"SE",37.55,0,0,4,"4"
"2/13/2014 4:00",191,190.5084839,-11,-3,1037,"SE",40.68,0,0,4,"4"
"2/13/2014 5:00",187,186.7824249,-11,-3,1037,"SE",42.47,0,0,4,"4"
"2/13/2014 6:00",138,137.0980377,-12,-3,1037,"SE",45.6,0,0,3,"3"
"2/13/2014 7:00",162,161.5180359,-12,-3,1037,"SE",48.73,0,0,4,"4"
"2/13/2014 8:00",176,175.0022583,-13,-3,1037,"SE",51.86,0,0,4,"4"
"2/13/2014 9:00",205,204.8172607,-12,-3,1038,"SE",53.65,1,0,4,"4"
"2/13/2014 10:00",208,207.2763062,-11,-3,1038,"SE",57.67,2,0,4,"4"
"2/13/2014 11:00",222,221.5757141,-11,-2,1037,"SE",61.69,0,0,4,"4"
"2/13/2014 12:00",216,215.9940948,-12,-2,1036,"SE",64.82,0,0,4,"4"
"2/13/2014 13:00",228,227.7992249,-10,0,1035,"SE",66.61,0,0,4,"4"
"2/13/2014 14:00",208,207.7083893,-10,0,1034,"SE",68.4,0,0,4,"4"
"2/13/2014 15:00",218,217.2074585,-10,0,1033,"SE",71.53,0,0,4,"4"
"2/13/2014 16:00",201,200.6568451,-10,0,1032,"SE",74.66,0,0,4,"4"
"2/13/2014 17:00",192,191.3145447,-10,0,1032,"SE",76.45,0,0,4,"4"
"2/13/2014 18:00",207,206.9897156,-11,-1,1032,"SE",78.24,0,0,4,"4"
"2/13/2014 19:00",217,216.9030304,-11,-2,1032,"cv",0.89,0,0,4,"4"
"2/13/2014 20:00",235,234.2810059,-10,-3,1032,"NE",1.79,0,0,4,"4"
"2/13/2014 21:00",261,260.6990051,-10,-3,1032,"NE",3.58,0,0,4,"4"
"2/13/2014 22:00",244,243.4289856,-10,-2,1031,"NE",5.37,0,0,4,"4"
"2/13/2014 23:00",246,245.2022858,-10,-3,1031,"NE",6.26,0,0,4,"4"
"2/14/2014 0:00",246,245.8037567,-10,-4,1031,"NE",7.15,0,0,4,"4"
"2/14/2014 1:00",249,248.952713,-10,-5,1030,"cv",0.89,0,0,4,"4"
"2/14/2014 2:00",252,251.5700378,-11,-7,1029,"NE",0.89,0,0,4,"4"
"2/14/2014 3:00",253,252.8354645,-11,-7,1029,"NE",1.78,0,0,4,"4"
"2/14/2014 4:00",258,257.5189819,-11,-8,1028,"SE",0.89,0,0,4,"4"
"2/14/2014 5:00",242,241.1442108,-11,-8,1028,"NW",0.89,0,0,4,"4"
"2/14/2014 6:00",232,231.9078674,-11,-8,1028,"NW",2.68,0,0,4,"4"
"2/14/2014 7:00",236,235.6964722,-11,-9,1028,"NW",4.47,0,0,4,"4"
"2/14/2014 8:00",230,229.8251495,-10,-7,1028,"cv",0.89,0,0,4,"4"
"2/14/2014 9:00",248,247.6526947,-8,-4,1028,"NE",0.89,0,0,4,"4"
"2/14/2014 10:00",206,205.5724182,-7,-2,1028,"cv",0.89,0,0,4,"4"
"2/14/2014 11:00",198,197.2601318,-7,-1,1027,"cv",1.78,0,0,4,"4"
"2/14/2014 12:00",203,202.0339203,-8,0,1027,"cv",2.67,0,0,4,"4"
"2/14/2014 13:00",216,215.5539398,-8,1,1025,"cv",4.46,0,0,4,"4"
"2/14/2014 14:00",228,227.562088,-8,2,1024,"cv",5.35,0,0,4,"4"
"2/14/2014 15:00",248,247.3234711,-9,2,1024,"SE",1.79,0,0,4,"4"
"2/14/2014 16:00",242,241.725296,-9,3,1023,"cv",0.89,0,0,4,"4"
"2/14/2014 17:00",276,275.7389832,-9,2,1024,"cv",1.78,0,0,4,"4"
"2/14/2014 18:00",319,318.2688904,-8,1,1024,"cv",2.23,0,0,4,"4"
"2/14/2014 19:00",300,299.1634827,-8,-2,1024,"cv",2.68,0,0,4,"4"
"2/14/2014 20:00",304,303.0896301,-7,-2,1024,"SE",0.89,0,0,4,"4"
"2/14/2014 21:00",328,327.405365,-8,-4,1024,"NW",1.79,0,0,4,"4"
"2/14/2014 22:00",428,427.828125,-8,-4,1025,"NE",0.89,0,0,4,"4"
"2/14/2014 23:00",405,404.6976318,-8,-4,1025,"cv",0.45,0,0,4,"4"
"2/15/2014 0:00",421,420.7544861,-8,-5,1025,"NW",0.89,0,0,4,"4"
"2/15/2014 1:00",487,486.2709351,-8,-5,1024,"cv",0.89,0,0,4,"4"
"2/15/2014 2:00",580,579.9455566,-9,-6,1024,"NW",1.79,0,0,4,"4"
"2/15/2014 3:00",440,439.5187988,-9,-6,1024,"NW",3.58,0,0,4,"4"
"2/15/2014 4:00",421,420.1657104,-9,-6,1024,"NW",5.37,0,0,4,"4"
"2/15/2014 5:00",363,362.9732056,-8,-5,1024,"NW",7.16,0,0,4,"4"
"2/15/2014 6:00",328,327.9736938,-8,-4,1024,"NW",8.95,0,0,4,"4"
"2/15/2014 7:00",274,273.9529114,-9,-5,1025,"NW",10.74,0,0,4,"4"
"2/15/2014 8:00",259,258.1109314,-9,-4,1025,"NE",0.89,0,0,4,"4"
"2/15/2014 9:00",321,320.636261,-7,-3,1026,"cv",0.45,0,0,4,"4"
"2/15/2014 10:00",281,280.1077881,-6,0,1026,"NW",1.79,0,0,4,"4"
"2/15/2014 11:00",267,266.627533,-8,1,1025,"SE",1.79,0,0,4,"4"
"2/15/2014 12:00",245,244.5163727,-8,1,1025,"SE",3.58,0,0,4,"4"
"2/15/2014 13:00",252,251.1337585,-8,3,1024,"SE",5.37,0,0,4,"4"
"2/15/2014 14:00",284,283.285614,-8,3,1024,"SE",7.16,0,0,4,"4"
"2/15/2014 15:00",331,330.966217,-8,4,1023,"SE",8.95,0,0,4,"4"
"2/15/2014 16:00",386,385.6595154,-8,4,1023,"cv",0.89,0,0,4,"4"
"2/15/2014 17:00",376,375.7149048,-8,3,1024,"SE",1.79,0,0,4,"4"
"2/15/2014 18:00",388,387.4334717,-8,2,1024,"cv",0.89,0,0,4,"4"
"2/15/2014 19:00",320,319.4196472,-7,-1,1024,"cv",1.34,0,0,4,"4"
"2/15/2014 20:00",300,299.9510193,-7,-2,1024,"cv",2.23,0,0,4,"4"
"2/15/2014 21:00",317,316.5365906,-8,-4,1025,"cv",3.12,0,0,4,"4"
"2/15/2014 22:00",334,333.9943542,-7,-4,1025,"cv",4.01,0,0,4,"4"
"2/15/2014 23:00",291,290.1437073,-8,-4,1025,"NW",1.79,0,0,4,"4"
"2/16/2014 0:00",352,351.0884705,-7,-3,1026,"NW",3.58,0,0,4,"4"
"2/16/2014 1:00",338,337.7499084,-8,-5,1026,"NW",6.71,0,0,4,"4"
"2/16/2014 2:00",365,364.3191223,-8,-4,1026,"NW",8.5,0,0,4,"4"
"2/16/2014 3:00",344,343.5239563,-8,-5,1026,"NW",10.29,0,0,4,"4"
"2/16/2014 4:00",350,349.4631653,-9,-5,1026,"NW",14.31,0,0,4,"4"
"2/16/2014 5:00",336,335.4589233,-8,-4,1027,"NW",18.33,0,0,4,"4"
"2/16/2014 6:00",349,348.339386,-8,-4,1028,"NW",21.46,0,0,4,"4"
"2/16/2014 7:00",308,307.4356079,-10,-6,1028,"NW",24.59,0,0,4,"4"
"2/16/2014 8:00",313,312.0233765,-9,-4,1029,"NW",27.72,0,0,4,"4"
"2/16/2014 9:00",337,336.6238403,-6,-1,1030,"NW",29.51,0,0,4,"4"
"2/16/2014 10:00",260,259.4450378,-13,4,1030,"NW",31.3,0,0,4,"4"
"2/16/2014 11:00",259,258.9932251,-11,3,1031,"SE",1.79,0,0,4,"4"
"2/16/2014 12:00",222,221.1674805,-15,6,1030,"cv",0.89,0,0,4,"4"
"2/16/2014 13:00",218,217.5442352,-15,7,1030,"cv",2.68,0,0,4,"4"
"2/16/2014 14:00",159,158.4009705,-16,7,1029,"SE",1.79,0,0,4,"4"
"2/16/2014 15:00",154,153.2344818,-15,7,1029,"SE",3.58,0,0,4,"4"
"2/16/2014 16:00",129,128.1727448,-12,6,1029,"SE",7.6,0,0,3,"3"
"2/16/2014 17:00",166,165.4808044,-11,5,1029,"SE",9.39,0,0,4,"4"
"2/16/2014 18:00",225,224.4898376,-8,4,1030,"SE",13.41,0,0,4,"4"
"2/16/2014 19:00",212,211.97435,-8,3,1030,"SE",17.43,0,0,4,"4"
"2/16/2014 20:00",247,246.9900055,-6,3,1031,"SE",20.56,0,0,4,"4"
"2/16/2014 21:00",232,231.5214386,-6,2,1032,"SE",22.35,0,0,4,"4"
"2/16/2014 22:00",250,249.3871765,-7,1,1033,"SE",24.14,0,0,4,"4"
"2/16/2014 23:00",196,195.1746063,-7,1,1033,"SE",25.93,0,0,4,"4"
"2/17/2014 0:00",219,218.4197083,-7,0,1033,"cv",0.89,0,0,4,"4"
"2/17/2014 1:00",169,168.288559,-9,0,1033,"SE",3.13,0,0,4,"4"
"2/17/2014 2:00",132,131.9142761,-7,0,1034,"SE",4.02,0,0,3,"3"
"2/17/2014 3:00",136,135.1847687,-8,-2,1034,"SE",5.81,0,0,3,"3"
"2/17/2014 4:00",119,118.110466,-9,-3,1034,"cv",0.89,0,0,3,"3"
"2/17/2014 5:00",139,138.0012054,-10,-3,1034,"NE",0.89,0,0,3,"3"
"2/17/2014 6:00",79,78.86667633,-9,-3,1034,"NW",1.79,0,0,3,"3"
"2/17/2014 7:00",41,40.65649796,-10,-2,1035,"cv",0.89,0,0,2,"2"
"2/17/2014 8:00",65,64.19009399,-9,-1,1036,"SE",0.89,0,0,2,"2"
"2/17/2014 9:00",76,75.05310059,-10,1,1037,"cv",0.89,0,0,3,"3"
"2/17/2014 10:00",73,72.83889771,-16,3,1037,"SE",3.13,0,0,2,"2"
"2/17/2014 11:00",80,79.07942963,-17,3,1037,"SE",7.15,0,0,3,"3"
"2/17/2014 12:00",70,69.47425079,-17,4,1036,"SE",10.28,0,0,2,"2"
"2/17/2014 13:00",86,85.78734589,-18,5,1035,"SE",12.07,0,0,3,"3"
"2/17/2014 14:00",78,77.21886444,-18,5,1034,"SE",15.2,0,0,3,"3"
"2/17/2014 15:00",64,63.21642685,-19,5,1034,"SE",16.99,0,0,2,"2"
"2/17/2014 16:00",104,103.8987503,-19,5,1034,"SE",20.12,0,0,3,"3"
"2/17/2014 17:00",77,76.98880005,-19,4,1033,"SE",23.25,0,0,3,"3"
"2/17/2014 18:00",90,89.03813934,-18,1,1033,"SE",26.38,0,0,3,"3"
"2/17/2014 19:00",86,85.31381989,-17,1,1034,"SE",28.17,0,0,3,"3"
"2/17/2014 20:00",102,101.0921021,-15,1,1035,"SE",33.09,0,0,3,"3"
"2/17/2014 21:00",92,91.13993835,-14,0,1036,"SE",37.11,0,0,3,"3"
"2/17/2014 22:00",100,99.35308838,-15,-2,1036,"SE",41.13,0,0,3,"3"
"2/17/2014 23:00",82,81.45578003,-13,-1,1036,"SE",45.15,0,0,3,"3"
"2/18/2014 0:00",69,68.26018524,-13,-2,1036,"SE",48.28,0,0,2,"2"
"2/18/2014 1:00",96,95.75839996,-12,-3,1036,"SE",49.17,0,0,3,"3"
"2/18/2014 2:00",38,37.94306564,-12,-3,1035,"SE",50.96,0,0,2,"2"
"2/18/2014 3:00",59,58.32787323,-12,-4,1035,"cv",0.89,0,0,2,"2"
"2/18/2014 4:00",42,41.65663528,-12,-4,1034,"SE",1.79,0,0,2,"2"
"2/18/2014 5:00",71,70.16383362,-13,-4,1035,"SE",3.58,0,0,2,"2"
"2/18/2014 6:00",71,70.47422028,-13,-4,1034,"SE",5.37,0,0,2,"2"
"2/18/2014 7:00",54,53.66661835,-13,-4,1035,"SE",7.16,0,0,2,"2"
"2/18/2014 8:00",78,77.44726563,-12,-3,1035,"SE",8.95,0,0,3,"3"
"2/18/2014 9:00",83,82.59057617,-12,-3,1035,"SE",12.97,0,0,3,"3"
"2/18/2014 10:00",93,92.9743576,-12,-2,1034,"SE",16.1,0,0,3,"3"
"2/18/2014 11:00",82,81.43560791,-11,0,1034,"SE",19.23,0,0,3,"3"
"2/18/2014 12:00",102,101.9627762,-12,1,1033,"SE",22.36,0,0,3,"3"
"2/18/2014 13:00",86,85.95089722,-12,2,1031,"SE",26.38,0,0,3,"3"
"2/18/2014 14:00",79,78.2244339,-12,2,1030,"SE",30.4,0,0,3,"3"
"2/18/2014 15:00",79,78.1591568,-12,2,1029,"SE",34.42,0,0,3,"3"
"2/18/2014 16:00",68,67.96789551,-12,2,1029,"SE",37.55,0,0,2,"2"
"2/18/2014 17:00",80,79.80059052,-12,2,1028,"SE",40.68,0,0,3,"3"
"2/18/2014 18:00",76,75.43830109,-12,0,1028,"SE",42.47,0,0,3,"3"
"2/18/2014 19:00",107,106.8712769,-11,-1,1029,"cv",0.89,0,0,3,"3"
"2/18/2014 20:00",107,106.3932724,-10,-2,1029,"SE",0.89,0,0,3,"3"
"2/18/2014 21:00",122,121.6696396,-11,-1,1029,"NE",1.79,0,0,3,"3"
"2/18/2014 22:00",103,102.3160477,-11,-1,1030,"SE",1.79,0,0,3,"3"
"2/18/2014 23:00",132,131.9003906,-11,-2,1029,"SE",2.68,1,0,3,"3"
"2/19/2014 0:00",131,130.293335,-11,-2,1029,"NE",1.79,0,0,3,"3"
"2/19/2014 1:00",134,133.2887878,-11,-3,1029,"NE",3.58,0,0,3,"3"
"2/19/2014 2:00",139,138.3347321,-11,-3,1029,"SE",0.89,0,0,3,"3"
"2/19/2014 3:00",130,129.9263458,-11,-5,1028,"NW",1.79,0,0,3,"3"
"2/19/2014 4:00",134,133.1214447,-11,-5,1028,"cv",0.89,0,0,3,"3"
"2/19/2014 5:00",110,109.7746201,-12,-7,1028,"NW",3.13,0,0,3,"3"
"2/19/2014 6:00",142,141.2937164,-11,-6,1029,"cv",0.89,0,0,3,"3"
"2/19/2014 7:00",126,125.4621964,-12,-8,1029,"cv",1.78,0,0,3,"3"
"2/19/2014 8:00",141,140.5528564,-10,-7,1030,"NW",1.79,0,0,3,"3"
"2/19/2014 9:00",133,132.2219086,-8,0,1030,"NW",4.92,0,0,3,"3"
"2/19/2014 10:00",112,111.5329742,-13,2,1031,"NW",8.05,0,0,3,"3"
"2/19/2014 11:00",100,99.45587158,-15,3,1030,"NW",9.84,0,0,3,"3"
"2/19/2014 12:00",49,48.92922974,-17,4,1029,"NE",1.79,0,0,2,"2"
"2/19/2014 13:00",50,49.93285751,-17,5,1028,"NW",1.79,0,0,2,"2"
"2/19/2014 14:00",35,34.75602722,-17,5,1027,"cv",0.89,0,0,1,"1"
"2/19/2014 15:00",36,35.61959457,-18,6,1027,"NE",1.79,0,0,2,"2"
"2/19/2014 16:00",10,9.383131027,-19,5,1027,"SE",3.13,0,0,1,"1"
"2/19/2014 17:00",48,47.49934006,-18,5,1027,"SE",7.15,0,0,2,"2"
"2/19/2014 18:00",35,34.98860168,-17,2,1027,"SE",8.94,0,0,1,"1"
"2/19/2014 19:00",78,77.42050171,-15,1,1028,"SE",12.96,0,0,3,"3"
"2/19/2014 20:00",73,72.3799057,-11,-1,1029,"SE",16.98,0,0,2,"2"
"2/19/2014 21:00",73,72.35965729,-12,-2,1029,"SE",20.11,0,0,2,"2"
"2/19/2014 22:00",129,128.928772,-8,0,1030,"SE",25.03,0,0,3,"3"
"2/19/2014 23:00",134,133.1338654,-9,-2,1030,"SE",26.82,0,0,3,"3"
"2/20/2014 0:00",196,195.6601868,-7,-2,1030,"SE",29.95,0,0,4,"4"
"2/20/2014 1:00",170,169.9733887,-7,-3,1030,"SE",31.74,0,0,4,"4"
"2/20/2014 2:00",205,204.4113159,-7,-4,1030,"SE",33.53,0,0,4,"4"
"2/20/2014 3:00",150,149.9373322,-7,-4,1030,"SE",35.32,0,0,3,"3"
"2/20/2014 4:00",190,189.165329,-6,-3,1030,"SE",36.21,0,0,4,"4"
"2/20/2014 5:00",194,193.3644714,-6,-3,1030,"cv",0.89,0,0,4,"4"
"2/20/2014 6:00",185,184.7848816,-5,-2,1031,"SE",0.89,0,0,4,"4"
"2/20/2014 7:00",195,194.866333,-5,-2,1031,"SE",1.78,0,0,4,"4"
"2/20/2014 8:00",205,204.3135071,-5,-2,1032,"SE",3.57,1,0,4,"4"
"2/20/2014 9:00",211,210.0404663,-5,-1,1032,"SE",5.36,2,0,4,"4"
"2/20/2014 10:00",210,209.4670868,-6,-1,1032,"SE",7.15,0,0,4,"4"
"2/20/2014 11:00",217,216.8625183,-6,0,1032,"SE",8.94,0,0,4,"4"
"2/20/2014 12:00",200,199.1834564,-7,0,1031,"SE",10.73,0,0,4,"4"
"2/20/2014 13:00",220,219.1998291,-7,1,1030,"SE",13.86,0,0,4,"4"
"2/20/2014 14:00",225,224.5189667,-7,1,1030,"SE",16.99,0,0,4,"4"
"2/20/2014 15:00",253,252.5568085,-6,1,1030,"SE",20.12,0,0,4,"4"
"2/20/2014 16:00",266,265.746521,-6,0,1029,"SE",23.25,0,0,4,"4"
"2/20/2014 17:00",322,321.2740479,-5,0,1029,"SE",26.38,0,0,4,"4"
"2/20/2014 18:00",345,344.0073242,-5,-1,1029,"SE",28.17,0,0,4,"4"
"2/20/2014 19:00",368,367.0731201,-6,-3,1029,"SE",29.06,0,0,4,"4"
"2/20/2014 20:00",374,373.1103516,-6,-2,1030,"SE",29.95,0,0,4,"4"
"2/20/2014 21:00",392,391.323761,-6,-3,1030,"NE",0.89,0,0,4,"4"
"2/20/2014 22:00",392,391.5146484,-6,-3,1030,"cv",0.45,0,0,4,"4"
"2/20/2014 23:00",412,411.3470154,-6,-4,1030,"SE",0.89,0,0,4,"4"
"2/21/2014 0:00",418,417.2711792,-6,-4,1030,"cv",0.45,0,0,4,"4"
"2/21/2014 1:00",372,371.2043152,-7,-4,1030,"cv",0.9,0,0,4,"4"
"2/21/2014 2:00",370,369.9432983,-8,-5,1029,"cv",1.35,0,0,4,"4"
"2/21/2014 3:00",366,365.1854858,-7,-5,1029,"cv",1.8,0,0,4,"4"
"2/21/2014 4:00",331,330.8621826,-7,-5,1029,"cv",2.25,0,0,4,"4"
"2/21/2014 5:00",344,343.1178284,-7,-5,1029,"SE",0.89,0,0,4,"4"
"2/21/2014 6:00",315,314.0686646,-8,-6,1029,"NW",0.89,0,0,4,"4"
"2/21/2014 7:00",311,310.7805481,-6,-4,1029,"cv",0.89,0,0,4,"4"
"2/21/2014 8:00",304,303.6612854,-5,-2,1029,"NW",1.79,0,0,4,"4"
"2/21/2014 9:00",341,340.4108582,-3,0,1029,"NW",4.92,0,0,4,"4"
"2/21/2014 10:00",301,300.7002258,-5,1,1029,"NW",6.71,0,0,4,"4"
"2/21/2014 11:00",268,267.3552856,-5,2,1029,"NW",8.5,0,0,4,"4"
"2/21/2014 12:00",238,237.3635712,-6,2,1028,"cv",0.89,0,0,4,"4"
"2/21/2014 13:00",266,265.8072815,-6,3,1027,"NW",1.79,0,0,4,"4"
"2/21/2014 14:00",296,295.7254639,-6,4,1026,"cv",0.89,0,0,4,"4"
"2/21/2014 15:00",305,304.7737427,-6,4,1026,"NE",1.79,0,0,4,"4"
"2/21/2014 16:00",315,314.7572327,-7,4,1026,"SE",1.79,0,0,4,"4"
"2/21/2014 17:00",308,307.3006592,-7,3,1026,"cv",0.89,0,0,4,"4"
"2/21/2014 18:00",297,296.9036865,-7,1,1027,"SE",0.89,0,0,4,"4"
"2/21/2014 19:00",322,321.3685608,-6,1,1028,"cv",0.89,0,0,4,"4"
"2/21/2014 20:00",320,319.8783875,-7,-2,1028,"cv",1.78,0,0,4,"4"
"2/21/2014 21:00",335,334.6658325,-6,-1,1029,"NE",0.89,0,0,4,"4"
"2/21/2014 22:00",316,315.3650208,-7,-2,1029,"NW",3.13,0,0,4,"4"
"2/21/2014 23:00",340,339.769043,-6,-1,1029,"cv",0.89,0,0,4,"4"
"2/22/2014 0:00",334,333.9837036,-5,-1,1029,"NW",0.89,0,0,4,"4"
"2/22/2014 1:00",382,381.3256531,-6,-2,1029,"NW",2.68,0,0,4,"4"
"2/22/2014 2:00",358,357.6940613,-5,-1,1029,"NW",5.81,0,0,4,"4"
"2/22/2014 3:00",396,395.2587891,-5,0,1029,"NW",6.7,0,0,4,"4"
"2/22/2014 4:00",339,338.7207947,-6,0,1029,"NW",7.59,0,0,4,"4"
"2/22/2014 5:00",318,317.1741028,-5,1,1029,"NW",9.38,0,0,4,"4"
"2/22/2014 6:00",274,273.4078369,-6,1,1029,"NW",11.17,0,0,4,"4"
"2/22/2014 7:00",295,294.0502319,-6,1,1030,"NW",14.3,0,0,4,"4"
"2/22/2014 8:00",314,313.2983398,-6,2,1030,"NW",16.09,0,0,4,"4"
"2/22/2014 9:00",338,337.1460266,-6,3,1031,"NW",19.22,0,0,4,"4"
"2/22/2014 10:00",365,364.1196594,-5,3,1031,"NW",21.01,0,0,4,"4"
"2/22/2014 11:00",302,301.6562195,-5,5,1031,"cv",0.89,0,0,4,"4"
"2/22/2014 12:00",288,287.2023926,-5,5,1030,"SE",1.79,0,0,4,"4"
"2/22/2014 13:00",307,306.7495422,-5,6,1029,"NE",1.79,0,0,4,"4"
"2/22/2014 14:00",347,346.6329651,-4,6,1029,"SE",1.79,0,0,4,"4"
"2/22/2014 15:00",360,359.2748108,-4,6,1029,"SE",4.92,0,0,4,"4"
"2/22/2014 16:00",363,362.5434265,-4,6,1029,"SE",8.05,0,0,4,"4"
"2/22/2014 17:00",350,349.968689,-4,5,1029,"cv",0.89,0,0,4,"4"
"2/22/2014 18:00",341,340.6992493,-4,4,1029,"NE",0.89,0,0,4,"4"
"2/22/2014 19:00",324,323.4736938,-4,2,1030,"SE",0.89,0,0,4,"4"
"2/22/2014 20:00",338,337.2322388,-4,3,1031,"SE",2.68,0,0,4,"4"
"2/22/2014 21:00",361,360.4931335,-2,4,1031,"SE",5.81,0,0,4,"4"
"2/22/2014 22:00",357,356.0363464,-3,3,1031,"SE",8.94,0,0,4,"4"
"2/22/2014 23:00",334,333.6278992,-4,2,1032,"SE",10.73,0,0,4,"4"
"2/23/2014 0:00",292,291.9808655,-4,2,1032,"SE",12.52,0,0,4,"4"
"2/23/2014 1:00",304,303.2321167,-5,2,1032,"SE",14.31,0,0,4,"4"
"2/23/2014 2:00",281,280.5578918,-5,2,1032,"SE",16.1,0,0,4,"4"
"2/23/2014 3:00",279,278.8445129,-5,1,1032,"SE",17.89,0,0,4,"4"
"2/23/2014 4:00",263,262.5231323,-6,1,1031,"SE",19.68,0,0,4,"4"
"2/23/2014 5:00",237,236.2001343,-6,1,1031,"cv",0.89,0,0,4,"4"
"2/23/2014 6:00",248,247.0137787,-6,1,1031,"cv",1.78,0,0,4,"4"
"2/23/2014 7:00",235,234.6958923,-6,1,1032,"cv",2.67,0,0,4,"4"
"2/23/2014 8:00",240,239.2397614,-6,1,1032,"cv",3.56,0,0,4,"4"
"2/23/2014 9:00",263,262.9069824,-6,1,1032,"cv",4.45,0,0,4,"4"
"2/23/2014 10:00",260,259.5928955,-6,2,1032,"SE",1.79,0,0,4,"4"
"2/23/2014 11:00",253,252.8209076,-6,2,1032,"cv",0.89,0,0,4,"4"
"2/23/2014 12:00",263,262.3979187,-6,2,1031,"cv",1.78,0,0,4,"4"
"2/23/2014 13:00",268,267.1409302,-6,2,1030,"cv",2.67,0,0,4,"4"
"2/23/2014 14:00",285,284.0214539,-6,2,1030,"cv",3.56,0,0,4,"4"
"2/23/2014 15:00",286,285.6493835,-6,3,1030,"cv",4.45,0,0,4,"4"
"2/23/2014 16:00",312,311.2033386,-6,3,1029,"cv",5.34,0,0,4,"4"
"2/23/2014 17:00",324,323.474884,-6,3,1029,"SE",0.89,0,0,4,"4"
"2/23/2014 18:00",334,333.3471069,-5,2,1029,"SE",1.78,0,0,4,"4"
"2/23/2014 19:00",344,343.9618225,-6,2,1030,"cv",0.89,0,0,4,"4"
"2/23/2014 20:00",365,364.7692261,-5,1,1030,"cv",1.78,0,0,4,"4"
"2/23/2014 21:00",373,372.1439514,-5,2,1030,"cv",2.67,0,0,4,"4"
"2/23/2014 22:00",357,356.8425598,-5,2,1030,"cv",3.56,0,0,4,"4"
"2/23/2014 23:00",360,359.9549866,-5,2,1030,"cv",4.45,0,0,4,"4"
"2/24/2014 0:00",364,363.7793579,-5,2,1030,"NE",0.89,0,0,4,"4"
"2/24/2014 1:00",358,357.086731,-5,2,1029,"NW",0.89,0,0,4,"4"
"2/24/2014 2:00",337,336.1966248,-5,2,1029,"cv",0.45,0,0,4,"4"
"2/24/2014 3:00",337,336.1086426,-5,2,1028,"NW",0.89,0,0,4,"4"
"2/24/2014 4:00",336,335.1959534,-5,2,1028,"NW",2.68,0,0,4,"4"
"2/24/2014 5:00",333,332.5563965,-5,2,1028,"NW",4.47,0,0,4,"4"
"2/24/2014 6:00",338,337.1869507,-5,1,1028,"NW",6.26,0,0,4,"4"
"2/24/2014 7:00",338,337.9116821,-5,1,1028,"NW",8.05,0,0,4,"4"
"2/24/2014 8:00",337,336.1028137,-5,2,1029,"cv",0.89,0,0,4,"4"
"2/24/2014 9:00",344,343.9586182,-5,3,1029,"NE",1.79,0,0,4,"4"
"2/24/2014 10:00",334,333.0401306,-5,4,1029,"NE",3.58,0,0,4,"4"
"2/24/2014 11:00",342,341.3190002,-5,5,1028,"NW",1.79,0,0,4,"4"
"2/24/2014 12:00",340,339.5236816,-5,6,1028,"NW",3.58,0,0,4,"4"
"2/24/2014 13:00",352,351.4544067,-5,7,1027,"cv",0.89,0,0,4,"4"
"2/24/2014 14:00",355,354.2309265,-5,7,1026,"cv",1.78,0,0,4,"4"
"2/24/2014 15:00",343,342.2287598,-5,7,1025,"cv",2.67,0,0,4,"4"
"2/24/2014 16:00",348,347.1289978,-5,7,1025,"cv",4.46,0,0,4,"4"
"2/24/2014 17:00",365,364.7134094,-5,7,1025,"cv",5.35,0,0,4,"4"
"2/24/2014 18:00",390,389.4517212,-5,5,1025,"cv",6.24,0,0,4,"4"
"2/24/2014 19:00",411,410.28302,-5,4,1026,"SE",1.79,0,0,4,"4"
"2/24/2014 20:00",398,397.9639587,-5,3,1027,"SE",3.58,0,0,4,"4"
"2/24/2014 21:00",379,378.8237915,-5,2,1027,"cv",0.89,0,0,4,"4"
"2/24/2014 22:00",347,346.9189758,-5,0,1027,"NE",0.89,0,0,4,"4"
"2/24/2014 23:00",358,357.3676758,-4,0,1027,"NE",1.78,0,0,4,"4"
"2/25/2014 0:00",347,346.9717712,-4,-1,1027,"cv",0.89,0,0,4,"4"
"2/25/2014 1:00",368,367.6437378,-5,-1,1027,"cv",1.34,0,0,4,"4"
"2/25/2014 2:00",383,382.7123413,-5,-2,1027,"NE",0.89,0,0,4,"4"
"2/25/2014 3:00",441,440.6057129,-5,-2,1027,"cv",0.89,0,0,4,"4"
"2/25/2014 4:00",439,438.8892212,-5,-2,1027,"NW",0.89,0,0,4,"4"
"2/25/2014 5:00",467,466.6004639,-5,-2,1027,"NW",1.78,0,0,4,"4"
"2/25/2014 6:00",440,439.1122742,-5,-2,1027,"NW",3.57,0,0,4,"4"
"2/25/2014 7:00",457,456.0335999,-4,-1,1027,"NW",5.36,0,0,4,"4"
"2/25/2014 8:00",410,409.4698486,-4,0,1028,"NW",7.15,0,0,4,"4"
"2/25/2014 9:00",399,398.6111755,-4,2,1028,"NW",10.28,0,0,4,"4"
"2/25/2014 10:00",370,369.203125,-4,3,1027,"cv",0.89,0,0,4,"4"
"2/25/2014 11:00",368,367.7765503,-4,5,1027,"cv",1.78,0,0,4,"4"
"2/25/2014 12:00",371,370.7195129,-4,6,1027,"cv",2.67,0,0,4,"4"
"2/25/2014 13:00",376,375.9353333,-4,7,1025,"cv",3.56,0,0,4,"4"
"2/25/2014 14:00",372,371.7765808,-5,8,1024,"SE",1.79,0,0,4,"4"
"2/25/2014 15:00",380,379.1655273,-4,8,1024,"SE",3.58,0,0,4,"4"
"2/25/2014 16:00",386,385.2915649,-4,8,1024,"cv",1.79,0,0,4,"4"
"2/25/2014 17:00",414,413.6377258,-4,8,1024,"cv",2.68,0,0,4,"4"
"2/25/2014 18:00",447,446.1299133,-4,6,1024,"cv",3.13,0,0,4,"4"
"2/25/2014 19:00",473,472.8213806,-3,4,1025,"cv",4.02,0,0,4,"4"
"2/25/2014 20:00",480,479.1681213,-5,3,1025,"NW",1.79,0,0,4,"4"
"2/25/2014 21:00",498,497.9208374,-4,2,1026,"NE",1.79,0,0,4,"4"
"2/25/2014 22:00",492,491.855835,-4,1,1026,"cv",0.89,0,0,4,"4"
"2/25/2014 23:00",516,515.961792,-4,1,1025,"cv",1.34,0,0,4,"4"
"2/26/2014 0:00",531,530.684082,-4,0,1025,"cv",2.23,0,0,4,"4"
"2/26/2014 1:00",519,518.1141357,-4,1,1025,"NE",0.89,0,0,4,"4"
"2/26/2014 2:00",501,500.967804,-4,1,1025,"NW",0.89,0,0,4,"4"
"2/26/2014 3:00",515,514.8465576,-4,0,1024,"NW",2.68,0,0,4,"4"
"2/26/2014 4:00",473,472.8540039,-4,1,1024,"NW",4.47,0,0,4,"4"
"2/26/2014 5:00",455,454.1950684,-4,1,1023,"NW",5.36,0,0,4,"4"
"2/26/2014 6:00",458,457.0940857,-4,0,1023,"cv",0.89,0,0,4,"4"
"2/26/2014 7:00",458,457.895874,-4,0,1023,"NW",0.89,0,0,4,"4"
"2/26/2014 8:00",470,469.9719238,-3,1,1024,"NW",1.78,0,0,4,"4"
"2/26/2014 9:00",515,514.8129883,-2,4,1023,"NW",2.67,0,0,4,"4"
"2/26/2014 10:00",531,530.1987915,-1,5,1023,"SE",1.79,0,0,4,"4"
"2/26/2014 11:00",526,525.2672729,0,6,1022,"cv",0.89,0,0,4,"4"
"2/26/2014 12:00",518,517.1265259,0,7,1021,"cv",1.78,0,0,4,"4"
"2/26/2014 13:00",544,543.3855591,0,8,1021,"cv",2.67,0,0,4,"4"
"2/26/2014 14:00",548,547.9692993,-1,9,1020,"NW",3.13,0,0,4,"4"
"2/26/2014 15:00",535,534.9283447,-1,9,1020,"cv",0.89,0,0,4,"4"
"2/26/2014 16:00",512,511.7869873,0,9,1020,"NW",1.79,0,0,4,"4"
"2/26/2014 17:00",514,513.5869141,0,9,1021,"NW",4.92,0,1,4,"4"
"2/26/2014 18:00",475,474.2748413,2,8,1022,"NW",10.73,0,2,4,"4"
"2/26/2014 19:00",284,283.5706177,2,7,1023,"NW",15.65,0,3,4,"4"
"2/26/2014 20:00",182,181.8314972,2,8,1023,"NW",19.67,0,0,4,"4"
"2/26/2014 21:00",114,113.6906586,2,6,1024,"NE",3.13,0,1,3,"3"
"2/26/2014 22:00",117,116.8371658,2,6,1024,"NW",3.13,0,0,3,"3"
"2/26/2014 23:00",86,85.22220612,2,6,1025,"NW",6.26,0,0,3,"3"
"2/27/2014 0:00",41,40.08810425,-9,7,1025,"NW",14.31,0,0,2,"2"
"2/27/2014 1:00",41,40.97491837,-11,5,1026,"NW",22.36,0,0,2,"2"
"2/27/2014 2:00",36,35.17263031,-14,4,1027,"NW",28.17,0,0,2,"2"
"2/27/2014 3:00",18,17.01620865,-15,4,1027,"NW",37.11,0,0,1,"1"
"2/27/2014 4:00",29,28.24188423,-15,3,1027,"NW",46.05,0,0,1,"1"
"2/27/2014 5:00",55,54.45769501,-16,3,1028,"NW",54.1,0,0,2,"2"
"2/27/2014 6:00",27,26.00899315,-17,2,1029,"NW",59.91,0,0,1,"1"
"2/27/2014 7:00",55,54.40961456,-18,2,1030,"NW",64.83,0,0,2,"2"
"2/27/2014 8:00",71,70.36441803,-15,3,1031,"NW",67.96,0,0,2,"2"
"2/27/2014 9:00",61,60.59380722,-18,5,1032,"NW",75.11,0,0,2,"2"
"2/27/2014 10:00",63,62.11215591,-18,5,1032,"NW",80.92,0,0,2,"2"
"2/27/2014 11:00",50,49.15800858,-17,6,1032,"NW",84.05,0,0,2,"2"
"2/27/2014 12:00",13,12.25265408,-18,7,1031,"NE",4.02,0,0,1,"1"
"2/27/2014 13:00",21,20.27525139,-19,8,1030,"NW",3.13,0,0,1,"1"
"2/27/2014 14:00",26,25.78477478,-19,7,1029,"cv",3.13,0,0,1,"1"
"2/27/2014 15:00",17,16.32538795,-19,9,1028,"cv",4.92,0,0,1,"1"
"2/27/2014 16:00",16,15.77871513,-19,8,1028,"NE",1.79,0,0,1,"1"
"2/27/2014 17:00",27,26.08753014,-20,7,1027,"NE",3.58,0,0,1,"1"
"2/27/2014 18:00",23,22.37230492,-19,6,1027,"SE",1.79,0,0,1,"1"
"2/27/2014 19:00",38,37.3050499,-17,2,1028,"SE",3.58,0,0,2,"2"
"2/27/2014 20:00",37,36.55477524,-18,3,1028,"SE",5.37,0,0,2,"2"
"2/27/2014 21:00",43,42.76646042,-16,1,1028,"cv",0.89,0,0,2,"2"
"2/27/2014 22:00",82,81.78016663,-12,0,1028,"cv",1.78,0,0,3,"3"
"2/27/2014 23:00",25,24.37382126,-15,0,1029,"cv",2.67,0,0,1,"1"
"2/28/2014 0:00",93,92.08953094,-12,-2,1028,"NE",1.79,0,0,3,"3"
"2/28/2014 1:00",59,58.81057358,-14,0,1029,"SE",3.13,0,0,2,"2"
"2/28/2014 2:00",98,97.02519226,-6,-1,1029,"SE",4.92,0,0,3,"3"
"2/28/2014 3:00",149,148.6048431,-5,-1,1029,"SE",8.05,0,0,3,"3"
"2/28/2014 4:00",142,141.3832092,-5,-1,1028,"SE",9.84,0,0,3,"3"
"2/28/2014 5:00",103,102.9898834,-6,-2,1028,"cv",0.89,0,0,3,"3"
"2/28/2014 6:00",71,70.60839081,-6,-2,1028,"cv",1.78,0,0,2,"2"
"2/28/2014 7:00",56,55.40953445,-8,-3,1029,"cv",2.67,0,0,2,"2"
"2/28/2014 8:00",97,96.93441772,-5,-1,1029,"SE",0.89,0,0,3,"3"
"2/28/2014 9:00",59,58.29362106,-6,0,1030,"cv",0.89,0,0,2,"2"
"2/28/2014 10:00",97,96.95955658,-6,2,1029,"SE",1.79,0,0,3,"3"
"2/28/2014 11:00",108,107.7307587,-6,2,1029,"SE",3.58,0,0,3,"3"
"2/28/2014 12:00",73,72.73918152,-8,3,1027,"SE",7.6,0,0,2,"2"
"2/28/2014 13:00",103,102.7754898,-8,5,1026,"SE",10.73,0,0,3,"3"
"2/28/2014 14:00",115,114.3909912,-8,5,1025,"SE",13.86,0,0,3,"3"
"2/28/2014 15:00",97,96.83742523,-9,6,1024,"cv",0.89,0,0,3,"3"
"2/28/2014 16:00",110,109.1112289,-9,6,1023,"cv",1.78,0,0,3,"3"
"2/28/2014 17:00",81,80.88088226,-9,6,1023,"SE",1.79,0,0,3,"3"
"2/28/2014 18:00",112,111.2963104,-10,6,1023,"SE",3.58,0,0,3,"3"
"2/28/2014 19:00",126,125.0738754,-7,4,1023,"NW",4.02,0,0,3,"3"
"2/28/2014 20:00",140,139.7145691,-7,2,1024,"cv",0.89,0,0,3,"3"
"2/28/2014 21:00",168,167.6803894,-7,0,1025,"cv",1.78,0,0,4,"4"
"2/28/2014 22:00",155,154.8631439,-7,0,1025,"NW",1.79,0,0,4,"4"
"2/28/2014 23:00",207,206.8323364,-6,0,1025,"NW",3.58,0,0,4,"4"
"3/1/2014 0:00",166,165.1102295,-7,-1,1025,"NW",5.37,0,0,4,"4"
"3/1/2014 1:00",179,178.3420868,-6,-1,1025,"cv",0.89,0,0,4,"4"
"3/1/2014 2:00",176,175.276062,-8,-3,1025,"NW",3.13,0,0,4,"4"
"3/1/2014 3:00",219,218.5740967,-6,-2,1024,"NE",1.79,0,0,4,"4"
"3/1/2014 4:00",199,198.2802277,-7,-3,1024,"NW",1.79,0,0,4,"4"
"3/1/2014 5:00",192,191.994812,-6,-1,1025,"NW",4.92,0,0,4,"4"
"3/1/2014 6:00",168,167.5349121,-7,-1,1025,"NW",8.05,0,0,4,"4"
"3/1/2014 7:00",151,150.7608337,-6,0,1025,"NW",12.07,0,0,4,"4"
"3/1/2014 8:00",117,116.778595,-8,2,1026,"NW",16.09,0,0,3,"3"
"3/1/2014 9:00",105,104.0678406,-9,4,1026,"NW",20.11,0,0,3,"3"
"3/1/2014 10:00",14,13.3071003,-18,7,1026,"NW",25.03,0,0,1,"1"
"3/1/2014 11:00",8,7.829380512,-21,8,1025,"NW",30.84,0,0,1,"1"
"3/1/2014 12:00",11,-24.76293945,-23,10,1025,"NW",36.65,0,0,1,"1"
"3/1/2014 13:00",19,-16.14025497,-23,10,1023,"NW",39.78,0,0,1,"1"
"3/1/2014 14:00",22,-13.6460762,-24,11,1022,"NW",42.91,0,0,1,"1"
"3/1/2014 15:00",35,-0.683331966,-24,11,1021,"cv",1.79,0,0,1,"1"
"3/1/2014 16:00",17,-18.76532364,-27,12,1020,"NW",7.15,0,0,1,"1"
"3/1/2014 17:00",11,10.43107414,-25,12,1020,"NW",15.2,0,0,1,"1"
"3/1/2014 18:00",27,26.10217285,-23,10,1020,"SE",4.02,0,0,1,"1"
"3/1/2014 19:00",55,54.08940887,-20,9,1021,"SE",8.04,0,0,2,"2"
"3/1/2014 20:00",69,68.09923553,-20,8,1021,"SE",12.06,0,0,2,"2"
"3/1/2014 21:00",78,77.17610931,-18,8,1021,"SE",16.08,0,0,3,"3"
"3/1/2014 22:00",66,65.75234222,-17,8,1022,"SE",21,0,0,2,"2"
"3/1/2014 23:00",101,100.9651566,-16,4,1022,"SE",24.13,0,0,3,"3"
"3/2/2014 0:00",156,155.0723724,-7,1,1023,"SE",27.26,0,0,4,"4"
"3/2/2014 1:00",159,158.6760101,-6,1,1022,"SE",30.39,0,0,4,"4"
"3/2/2014 2:00",150,149.1526794,-6,0,1023,"SE",32.18,0,0,3,"3"
"3/2/2014 3:00",160,159.7913513,-6,-1,1023,"NE",1.79,0,0,4,"4"
"3/2/2014 4:00",139,138.5552216,-5,-1,1023,"SE",1.79,0,0,3,"3"
"3/2/2014 5:00",133,132.8077698,-6,-1,1023,"cv",0.89,0,0,3,"3"
"3/2/2014 6:00",137,136.8875885,-6,-1,1023,"SE",1.79,0,0,3,"3"
"3/2/2014 7:00",133,132.8170013,-7,-1,1024,"SE",3.58,0,0,3,"3"
"3/2/2014 8:00",118,117.4307022,-7,0,1024,"cv",0.89,0,0,3,"3"
"3/2/2014 9:00",104,103.011528,-9,1,1024,"SE",1.79,0,0,3,"3"
"3/2/2014 10:00",139,138.9047241,-8,3,1025,"NE",1.79,0,0,3,"3"
"3/2/2014 11:00",168,167.2588501,-9,5,1024,"cv",1.79,0,0,4,"4"
"3/2/2014 12:00",158,157.1702881,-9,6,1023,"SE",1.79,0,0,4,"4"
"3/2/2014 13:00",169,168.0371094,-11,8,1022,"cv",0.89,0,0,4,"4"
"3/2/2014 14:00",146,145.2258453,-12,10,1021,"SE",3.13,0,0,3,"3"
"3/2/2014 15:00",130,129.1641235,-12,10,1020,"SE",7.15,0,0,3,"3"
"3/2/2014 16:00",148,147.0574036,-13,11,1020,"SE",10.28,0,0,3,"3"
"3/2/2014 17:00",132,131.6147919,-12,10,1020,"SE",14.3,0,0,3,"3"
"3/2/2014 18:00",154,153.3806915,-11,8,1020,"SE",17.43,0,0,4,"4"
"3/2/2014 19:00",127,126.6161423,-10,5,1021,"cv",0.89,0,0,3,"3"
"3/2/2014 20:00",174,173.4477234,-9,6,1022,"SE",3.13,0,0,4,"4"
"3/2/2014 21:00",198,197.3370361,-6,6,1023,"SE",7.15,0,0,4,"4"
"3/2/2014 22:00",210,209.4477234,-5,4,1023,"SE",8.94,0,0,4,"4"
"3/2/2014 23:00",245,244.835556,-4,3,1023,"SE",10.73,0,0,4,"4"
"3/3/2014 0:00",242,241.0567474,-4,2,1023,"SE",12.52,0,0,4,"4"
"3/3/2014 1:00",297,296.9748535,-5,1,1024,"cv",0.89,0,0,4,"4"
"3/3/2014 2:00",246,245.9068298,-5,-1,1024,"cv",1.78,0,0,4,"4"
"3/3/2014 3:00",198,197.4352722,-4,0,1023,"SE",1.79,0,0,4,"4"
"3/3/2014 4:00",157,156.8513947,-6,-2,1023,"cv",0.89,0,0,4,"4"
"3/3/2014 5:00",166,165.8776245,-6,-3,1023,"cv",1.34,0,0,4,"4"
"3/3/2014 6:00",164,163.0435638,-6,-3,1023,"cv",2.23,0,0,4,"4"
"3/3/2014 7:00",202,201.1469574,-5,-3,1022,"SE",1.79,0,0,4,"4"
"3/3/2014 8:00",204,203.7241516,-5,-2,1023,"SE",2.68,0,0,4,"4"
"3/3/2014 9:00",254,253.8059387,-4,0,1023,"cv",0.89,0,0,4,"4"
"3/3/2014 10:00",248,247.1738892,-3,2,1023,"cv",1.78,0,0,4,"4"
"3/3/2014 11:00",255,254.6364136,-5,2,1022,"cv",2.67,0,0,4,"4"
"3/3/2014 12:00",264,263.2472839,-6,3,1022,"NE",1.79,0,0,4,"4"
"3/3/2014 13:00",252,251.0089264,-7,3,1021,"SE",1.79,0,0,4,"4"
"3/3/2014 14:00",282,281.9700623,-7,3,1020,"NE",1.79,0,0,4,"4"
"3/3/2014 15:00",286,285.3782043,-8,3,1020,"NE",3.58,0,0,4,"4"
"3/3/2014 16:00",305,304.2809753,-8,3,1020,"NW",1.79,0,0,4,"4"
"3/3/2014 17:00",255,254.560318,-8,3,1020,"NW",4.92,0,0,4,"4"
"3/3/2014 18:00",250,249.9320526,-7,3,1020,"NW",8.05,0,0,4,"4"
"3/3/2014 19:00",235,234.3757629,-6,3,1021,"NW",11.18,0,0,4,"4"
"3/3/2014 20:00",234,233.8866577,-6,3,1021,"NW",14.31,0,0,4,"4"
"3/3/2014 21:00",247,246.3467407,-6,3,1022,"NW",17.44,0,0,4,"4"
"3/3/2014 22:00",223,222.6333771,-7,0,1022,"NW",20.57,0,0,4,"4"
"3/3/2014 23:00",249,248.0909424,-8,1,1022,"NW",23.7,0,0,4,"4"
"3/4/2014 0:00",234,233.0098724,-9,1,1023,"NW",26.83,0,0,4,"4"
"3/4/2014 1:00",263,262.4094543,-9,2,1023,"NW",29.96,0,0,4,"4"
"3/4/2014 2:00",249,248.9702911,-7,0,1024,"NW",33.09,0,0,4,"4"
"3/4/2014 3:00",240,239.0089874,-7,0,1024,"NW",34.88,0,0,4,"4"
"3/4/2014 4:00",231,230.2575989,-6,0,1024,"NW",36.67,0,0,4,"4"
"3/4/2014 5:00",221,220.3808899,-6,-1,1025,"NE",1.79,0,0,4,"4"
"3/4/2014 6:00",99,98.2071991,-8,-1,1025,"NW",3.13,0,0,3,"3"
"3/4/2014 7:00",7,6.336004257,-10,-1,1026,"NW",4.92,0,0,1,"1"
"3/4/2014 8:00",16,-19.68962097,-13,5,1027,"NW",8.05,0,0,1,"1"
"3/4/2014 9:00",7,-28.51336861,-18,7,1027,"NW",12.07,0,0,1,"1"
"3/4/2014 10:00",5,-37.67399979,-25,7,1028,"NW",21.01,0,0,1,"1"
"3/4/2014 11:00",5,-30.33668518,-24,9,1027,"NW",26.82,0,0,1,"1"
"3/4/2014 12:00",19,-16.94392204,-23,8,1027,"NW",33.97,0,0,1,"1"
"3/4/2014 13:00",12,-23.71735764,-26,8,1026,"NW",41.12,0,0,1,"1"
"3/4/2014 14:00",19,-16.62179375,-26,9,1025,"NW",49.17,0,0,1,"1"
"3/4/2014 15:00",8,-27.39995575,-29,9,1025,"NW",57.22,0,0,1,"1"
"3/4/2014 16:00",28,-7.75727272,-29,10,1025,"NW",65.27,0,0,1,"1"
"3/4/2014 17:00",27,-8.574730873,-30,8,1025,"NW",71.08,0,0,1,"1"
"3/4/2014 18:00",19,18.09947205,-29,7,1026,"NW",78.23,0,0,1,"1"
"3/4/2014 19:00",8,7.954630852,-28,6,1027,"NW",84.04,0,0,1,"1"
"3/4/2014 20:00",10,9.296039581,-27,5,1028,"NW",89.85,0,0,1,"1"
"3/4/2014 21:00",15,14.85933399,-25,1,1029,"NW",94.77,0,0,1,"1"
"3/4/2014 22:00",29,-6.906188011,-25,0,1030,"NW",99.69,0,0,1,"1"
"3/4/2014 23:00",9,8.398796082,-23,0,1030,"NW",105.5,0,0,1,"1"
"3/5/2014 0:00",26,25.42333794,-22,-2,1030,"NW",110.42,0,0,1,"1"
"3/5/2014 1:00",42,41.47202301,-21,-4,1030,"NW",114.44,0,0,2,"2"
"3/5/2014 2:00",2,1.326917171,-20,-3,1030,"NW",117.57,0,0,1,"1"
"3/5/2014 3:00",28,27.44136047,-19,-4,1031,"NW",119.36,0,0,1,"1"
"3/5/2014 4:00",78,77.00979614,-17,-6,1030,"NE",0.89,0,0,3,"3"
"3/5/2014 5:00",31,30.36890793,-15,-5,1030,"SE",0.89,0,0,1,"1"
"3/5/2014 6:00",2,1.79274416,-16,-6,1030,"cv",0.45,0,0,1,"1"
"3/5/2014 7:00",24,23.10133171,-16,-4,1031,"cv",1.34,0,0,1,"1"
"3/5/2014 8:00",34,33.73526001,-15,0,1031,"cv",1.79,0,0,1,"1"
"3/5/2014 9:00",37,36.16660309,-22,3,1031,"cv",2.68,0,0,2,"2"
"3/5/2014 10:00",20,19.58507538,-23,4,1030,"cv",3.57,0,0,1,"1"
"3/5/2014 11:00",4,3.273847342,-24,5,1030,"SE",3.13,0,0,1,"1"
"3/5/2014 12:00",6,5.911428452,-25,7,1028,"SE",7.15,0,0,1,"1"
"3/5/2014 13:00",6,5.254840851,-25,8,1027,"SE",12.07,0,0,1,"1"
"3/5/2014 14:00",22,21.165802,-24,8,1026,"SE",17.88,0,0,1,"1"
"3/5/2014 15:00",20,19.37945557,-24,8,1025,"SE",23.69,0,0,1,"1"
"3/5/2014 16:00",39,38.4082489,-24,8,1024,"SE",29.5,0,0,2,"2"
"3/5/2014 17:00",39,38.92570877,-23,8,1024,"SE",36.65,0,0,2,"2"
"3/5/2014 18:00",80,79.35919952,-22,7,1024,"SE",43.8,0,0,3,"3"
"3/5/2014 19:00",52,51.31480026,-21,6,1025,"SE",49.61,0,0,2,"2"
"3/5/2014 20:00",67,66.27874756,-20,6,1026,"SE",55.42,0,0,2,"2"
"3/5/2014 21:00",73,72.50365448,-22,5,1027,"NW",3.13,0,0,2,"2"
"3/5/2014 22:00",41,40.79521942,-27,4,1028,"NW",8.05,0,0,2,"2"
"3/5/2014 23:00",20,19.28020859,-27,3,1029,"NW",12.97,0,0,1,"1"
"3/6/2014 0:00",11,10.95718575,-29,3,1029,"NW",16.99,0,0,1,"1"
"3/6/2014 1:00",3,2.86066246,-28,2,1030,"NW",21.01,0,0,1,"1"
"3/6/2014 2:00",45,44.41387558,-25,-2,1030,"NW",24.14,0,0,2,"2"
"3/6/2014 3:00",27,26.33571053,-27,0,1030,"NW",28.16,0,0,1,"1"
"3/6/2014 4:00",30,29.70177269,-24,0,1030,"NW",29.95,0,0,1,"1"
"3/6/2014 5:00",54,53.27215195,-22,-3,1031,"NE",1.79,0,0,2,"2"
"3/6/2014 6:00",14,13.91289902,-24,-4,1031,"NW",1.79,0,0,1,"1"
"3/6/2014 7:00",21,20.1511116,-23,-5,1032,"NW",3.58,0,0,1,"1"
"3/6/2014 8:00",32,31.09963989,-24,1,1033,"NW",5.37,0,0,1,"1"
"3/6/2014 9:00",15,14.84377003,-27,2,1033,"NE",3.13,0,0,1,"1"
"3/6/2014 10:00",27,26.83633423,-27,4,1033,"NE",6.26,0,0,1,"1"
"3/6/2014 11:00",15,-20.33526421,-28,4,1032,"cv",1.79,0,0,1,"1"
"3/6/2014 12:00",31,-4.945467949,-30,6,1031,"NW",4.92,0,0,1,"1"
"3/6/2014 13:00",1,0.943800688,-30,6,1030,"cv",3.13,0,0,1,"1"
"3/6/2014 14:00",14,13.41771698,-29,7,1029,"NW",4.02,0,0,1,"1"
"3/6/2014 15:00",9,-26.53551674,-31,7,1028,"NW",9.83,0,0,1,"1"
"3/6/2014 16:00",27,-8.667126656,-30,7,1027,"NW",17.88,0,0,1,"1"
"3/6/2014 17:00",8,7.520418644,-30,8,1027,"NW",23.69,0,0,1,"1"
"3/6/2014 18:00",18,17.99163055,-31,7,1027,"NW",26.82,0,0,1,"1"
"3/6/2014 19:00",19,18.62888718,-27,5,1028,"SE",4.92,0,0,1,"1"
"3/6/2014 20:00",34,33.80493164,-26,4,1028,"SE",9.84,0,0,1,"1"
"3/6/2014 21:00",35,34.45871353,-25,4,1028,"SE",13.86,0,0,1,"1"
"3/6/2014 22:00",21,20.36299706,-25,2,1029,"SE",16.99,0,0,1,"1"
"3/6/2014 23:00",100,99.56900024,-17,1,1029,"SE",22.8,0,0,3,"3"
"3/7/2014 0:00",83,82.96060944,-13,1,1029,"SE",26.82,0,0,3,"3"
"3/7/2014 1:00",102,101.3133545,-12,0,1029,"SE",29.95,0,0,3,"3"
"3/7/2014 2:00",106,105.7311478,-10,-1,1030,"SE",31.74,0,0,3,"3"
"3/7/2014 3:00",123,122.7870331,-10,-4,1030,"NE",1.79,0,0,3,"3"
"3/7/2014 4:00",124,123.3177109,-10,-4,1030,"NE",3.58,0,0,3,"3"
"3/7/2014 5:00",82,81.27217102,-10,-5,1031,"NE",4.47,0,0,3,"3"
"3/7/2014 6:00",106,105.0244675,-9,-4,1031,"cv",0.45,0,0,3,"3"
"3/7/2014 7:00",64,63.89224625,-11,-7,1032,"NW",1.79,0,0,2,"2"
"3/7/2014 8:00",104,103.1578217,-10,0,1032,"NW",3.58,0,0,3,"3"
"3/7/2014 9:00",51,50.7180748,-15,2,1032,"NE",3.13,0,0,2,"2"
"3/7/2014 10:00",58,57.70022202,-22,4,1032,"NW",7.15,0,0,2,"2"
"3/7/2014 11:00",35,-0.035815954,-26,5,1031,"NE",4.92,0,0,1,"1"
"3/7/2014 12:00",22,21.15579987,-26,7,1031,"NE",8.94,0,0,1,"1"
"3/7/2014 13:00",29,-6.467594147,-26,8,1029,"NW",4.02,0,0,1,"1"
"3/7/2014 14:00",32,-3.391954899,-26,8,1028,"NE",3.13,0,0,1,"1"
"3/7/2014 15:00",14,-21.9182415,-28,8,1028,"SE",1.79,0,0,1,"1"
"3/7/2014 16:00",15,14.46540165,-26,8,1027,"SE",3.58,0,0,1,"1"
"3/7/2014 17:00",28,27.403162,-26,8,1027,"SE",5.37,0,0,1,"1"
"3/7/2014 18:00",47,46.27340698,-25,6,1027,"SE",7.16,0,0,2,"2"
"3/7/2014 19:00",40,39.85208511,-24,5,1027,"SE",8.95,0,0,2,"2"
"3/7/2014 20:00",27,26.37072563,-23,5,1028,"SE",12.97,0,0,1,"1"
"3/7/2014 21:00",55,54.57972336,-22,3,1028,"cv",0.89,0,0,2,"2"
"3/7/2014 22:00",51,50.83679199,-19,4,1028,"SE",1.79,0,0,2,"2"
"3/7/2014 23:00",56,55.92961884,-19,3,1028,"SE",3.58,0,0,2,"2"
"3/8/2014 0:00",95,94.62940979,-16,2,1028,"SE",5.37,0,0,3,"3"
"3/8/2014 1:00",130,129.040863,-13,2,1027,"SE",7.16,0,0,3,"3"
"3/8/2014 2:00",151,150.352478,-12,2,1027,"SE",8.95,0,0,4,"4"
"3/8/2014 3:00",134,133.4071808,-11,1,1026,"SE",10.74,0,0,3,"3"
"3/8/2014 4:00",158,157.5676117,-8,0,1025,"SE",12.53,0,0,4,"4"
"3/8/2014 5:00",142,141.8569336,-6,0,1025,"SE",14.32,0,0,3,"3"
"3/8/2014 6:00",160,159.4546814,-5,0,1025,"SE",16.11,0,0,4,"4"
"3/8/2014 7:00",134,133.1794128,-4,0,1025,"SE",17.9,0,0,3,"3"
"3/8/2014 8:00",161,160.004715,-4,1,1025,"cv",0.89,0,0,4,"4"
"3/8/2014 9:00",171,170.3125305,-4,1,1025,"SE",3.13,0,0,4,"4"
"3/8/2014 10:00",170,169.8171539,-4,3,1025,"cv",0.89,0,0,4,"4"
"3/8/2014 11:00",188,187.5849609,-5,5,1024,"cv",2.68,0,0,4,"4"
"3/8/2014 12:00",187,186.3847198,-6,6,1023,"cv",4.47,0,0,4,"4"
"3/8/2014 13:00",184,183.3127899,-7,8,1021,"SE",3.13,0,0,4,"4"
"3/8/2014 14:00",183,182.213974,-8,9,1020,"cv",1.79,0,0,4,"4"
"3/8/2014 15:00",193,192.8680267,-8,10,1019,"SE",4.92,0,0,4,"4"
"3/8/2014 16:00",196,195.4441376,-8,10,1019,"SE",9.84,0,0,4,"4"
"3/8/2014 17:00",199,198.9590607,-8,10,1019,"SE",12.97,0,0,4,"4"
"3/8/2014 18:00",200,199.1922455,-9,8,1020,"SE",14.76,0,0,4,"4"
"3/8/2014 19:00",204,203.7565002,-7,6,1021,"cv",0.89,0,0,4,"4"
"3/8/2014 20:00",203,202.4985962,-8,2,1022,"NE",1.79,0,0,4,"4"
"3/8/2014 21:00",228,227.2701263,-7,3,1023,"cv",0.89,0,0,4,"4"
"3/8/2014 22:00",219,218.0834351,-7,1,1024,"cv",1.78,0,0,4,"4"
"3/8/2014 23:00",216,215.9117279,-6,0,1024,"NE",0.89,0,0,4,"4"
"3/9/2014 0:00",186,185.8200836,-8,-2,1024,"NW",1.79,0,0,4,"4"
"3/9/2014 1:00",159,158.0115662,-9,-1,1025,"cv",0.89,0,0,4,"4"
"3/9/2014 2:00",121,120.1598816,-9,-3,1025,"NW",0.89,0,0,3,"3"
"3/9/2014 3:00",146,145.6847229,-9,-3,1025,"NE",0.89,0,0,3,"3"
"3/9/2014 4:00",106,105.0919952,-11,-3,1025,"SE",0.89,0,0,3,"3"
"3/9/2014 5:00",66,65.31228638,-8,0,1025,"SE",4.02,0,0,2,"2"
"3/9/2014 6:00",142,141.8276825,-8,-2,1026,"SE",5.81,0,0,3,"3"
"3/9/2014 7:00",155,154.5964966,-8,-1,1027,"cv",0.89,0,0,4,"4"
"3/9/2014 8:00",145,144.0021515,-7,0,1028,"NE",1.79,0,0,3,"3"
"3/9/2014 9:00",119,118.4542618,-11,4,1028,"cv",0.89,0,0,3,"3"
"3/9/2014 10:00",112,111.9708633,-11,4,1028,"SE",1.79,0,0,3,"3"
"3/9/2014 11:00",123,122.5995178,-10,6,1028,"cv",0.89,0,0,3,"3"
"3/9/2014 12:00",100,99.2705307,-9,8,1027,"cv",4.02,0,0,3,"3"
"3/9/2014 13:00",129,128.9983521,-11,8,1026,"SE",3.13,0,0,3,"3"
"3/9/2014 14:00",140,139.9980774,-11,10,1025,"SE",6.26,0,0,3,"3"
"3/9/2014 15:00",143,142.0984802,-12,10,1024,"SE",9.39,0,0,3,"3"
"3/9/2014 16:00",119,118.2350616,-12,10,1024,"SE",12.52,0,0,3,"3"
"3/9/2014 17:00",120,119.5712433,-13,9,1024,"SE",15.65,0,0,3,"3"
"3/9/2014 18:00",117,116.6937103,-11,7,1025,"SE",17.44,0,0,3,"3"
"3/9/2014 19:00",112,111.9497757,-12,7,1025,"SE",22.36,0,0,3,"3"
"3/9/2014 20:00",120,119.2828064,-13,5,1026,"SE",27.28,0,0,3,"3"
"3/9/2014 21:00",105,104.9435577,-10,4,1027,"SE",32.2,0,0,3,"3"
"3/9/2014 22:00",112,111.7397766,-6,2,1028,"SE",37.12,0,0,3,"3"
"3/9/2014 23:00",121,120.9816895,-6,0,1028,"SE",38.91,0,0,3,"3"
"3/10/2014 0:00",105,104.5865173,-6,0,1029,"SE",40.7,0,0,3,"3"
"3/10/2014 1:00",62,61.17687225,-7,-1,1028,"SE",43.83,0,0,2,"2"
"3/10/2014 2:00",69,68.16033173,-7,-1,1028,"SE",47.85,0,0,2,"2"
"3/10/2014 3:00",21,20.74573708,-8,-1,1028,"SE",50.98,0,0,1,"1"
"3/10/2014 4:00",53,52.15155029,-8,-2,1027,"cv",0.89,0,0,2,"2"
"3/10/2014 5:00",57,56.10553741,-10,-4,1027,"cv",1.78,0,0,2,"2"
"3/10/2014 6:00",58,57.07661819,-8,-3,1027,"NE",0.89,0,0,2,"2"
"3/10/2014 7:00",91,90.40081787,-7,-2,1027,"cv",0.45,0,0,3,"3"
"3/10/2014 8:00",81,80.81465912,-7,0,1027,"NE",0.89,0,0,3,"3"
"3/10/2014 9:00",85,84.28154755,-8,1,1027,"SE",1.79,0,0,3,"3"
"3/10/2014 10:00",115,114.6672134,-7,3,1026,"SE",3.58,0,0,3,"3"
"3/10/2014 11:00",98,97.51470184,-7,4,1025,"SE",5.37,0,0,3,"3"
"3/10/2014 12:00",114,113.6099167,-7,5,1025,"cv",0.89,0,0,3,"3"
"3/10/2014 13:00",100,99.06943512,-8,6,1023,"SE",1.79,0,0,3,"3"
"3/10/2014 14:00",97,96.88887787,-9,8,1021,"cv",1.79,0,0,3,"3"
"3/10/2014 15:00",100,99.2080307,-9,9,1021,"cv",3.58,0,0,3,"3"
"3/10/2014 16:00",110,109.9233322,-9,9,1020,"SE",3.13,0,0,3,"3"
"3/10/2014 17:00",117,116.4224548,-8,8,1020,"SE",6.26,0,0,3,"3"
"3/10/2014 18:00",141,140.9167786,-7,8,1019,"SE",9.39,0,0,3,"3"
"3/10/2014 19:00",143,142.208847,-7,6,1019,"SE",11.18,0,0,3,"3"
"3/10/2014 20:00",162,161.8096619,-6,5,1020,"cv",0.45,0,0,4,"4"
"3/10/2014 21:00",179,178.0007782,-5,3,1020,"SE",0.89,0,0,4,"4"
"3/10/2014 22:00",185,184.9299774,-6,2,1020,"SE",1.78,0,0,4,"4"
"3/10/2014 23:00",199,198.505722,-5,3,1020,"cv",0.89,0,0,4,"4"
"3/11/2014 0:00",210,209.8019104,-5,2,1019,"cv",1.34,0,0,4,"4"
"3/11/2014 1:00",211,210.404129,-4,1,1019,"cv",2.23,0,0,4,"4"
"3/11/2014 2:00",238,237.022171,-5,1,1018,"cv",2.68,0,0,4,"4"
"3/11/2014 3:00",252,251.082901,-5,0,1018,"cv",3.13,0,0,4,"4"
"3/11/2014 4:00",256,255.6152191,-4,-1,1017,"cv",4.02,0,0,4,"4"
"3/11/2014 5:00",241,240.1128387,-5,-1,1017,"NW",1.79,0,0,4,"4"
"3/11/2014 6:00",244,243.4134827,-4,0,1017,"NE",0.89,0,0,4,"4"
"3/11/2014 7:00",234,233.9946442,-5,-1,1017,"NW",3.13,0,0,4,"4"
"3/11/2014 8:00",248,247.1353302,-5,2,1017,"NW",4.92,0,0,4,"4"
"3/11/2014 9:00",237,236.8925476,-5,5,1017,"NW",8.05,0,0,4,"4"
"3/11/2014 10:00",246,245.2483673,-6,8,1017,"NW",11.18,0,0,4,"4"
"3/11/2014 11:00",243,242.3078308,-6,10,1017,"NW",15.2,0,0,4,"4"
"3/11/2014 12:00",288,287.9260254,-5,11,1016,"cv",0.89,0,0,4,"4"
"3/11/2014 13:00",250,249.7649384,-5,12,1016,"cv",1.78,0,0,4,"4"
"3/11/2014 14:00",246,245.6211548,-5,12,1015,"SE",1.79,0,0,4,"4"
"3/11/2014 15:00",219,218.8451385,-5,13,1015,"SE",3.58,0,0,4,"4"
"3/11/2014 16:00",212,211.2285614,-6,14,1015,"NW",1.79,0,0,4,"4"
"3/11/2014 17:00",209,208.7350922,-6,13,1015,"cv",0.89,0,0,4,"4"
"3/11/2014 18:00",203,202.4958038,-7,12,1017,"NE",3.13,0,0,4,"4"
"3/11/2014 19:00",182,181.9355621,-13,13,1018,"NE",10.28,0,0,4,"4"
"3/11/2014 20:00",151,150.6387177,-13,11,1020,"NE",17.43,0,0,4,"4"
"3/11/2014 21:00",47,46.11059189,-11,10,1021,"NE",26.37,0,0,2,"2"
"3/11/2014 22:00",26,25.4048996,-9,9,1023,"NE",34.42,0,0,1,"1"
"3/11/2014 23:00",2,1.623258829,-10,8,1023,"NW",5.81,0,0,1,"1"
"3/12/2014 0:00",29,28.59056091,-11,8,1024,"NW",11.62,0,0,1,"1"
"3/12/2014 1:00",39,38.71837997,-11,7,1025,"NE",5.81,0,0,2,"2"
"3/12/2014 2:00",43,42.28351212,-11,7,1025,"NE",9.83,0,0,2,"2"
"3/12/2014 3:00",30,29.13010597,-10,6,1025,"NW",4.02,0,0,1,"1"
"3/12/2014 4:00",42,41.98937225,-11,6,1025,"NW",7.15,0,0,2,"2"
"3/12/2014 5:00",9,8.131015778,-12,5,1025,"NW",11.17,0,0,1,"1"
"3/12/2014 6:00",26,-9.086140633,-14,6,1026,"NW",16.98,0,0,1,"1"
"3/12/2014 7:00",25,-10.38160896,-15,5,1027,"NW",21.9,0,0,1,"1"
"3/12/2014 8:00",12,-23.21866608,-19,6,1027,"NW",27.71,0,0,1,"1"
"3/12/2014 9:00",26,-9.53972435,-21,7,1028,"NW",33.52,0,0,1,"1"
"3/12/2014 10:00",4,3.261940956,-23,7,1028,"NE",5.81,0,0,1,"1"
"3/12/2014 11:00",22,-13.95176506,-24,8,1028,"NE",11.62,0,0,1,"1"
"3/12/2014 12:00",9,8.24294281,-23,10,1027,"NW",4.02,0,0,1,"1"
"3/12/2014 13:00",6,5.531970024,-24,11,1026,"NW",8.04,0,0,1,"1"
"3/12/2014 14:00",35,-0.933901787,-24,10,1025,"cv",1.79,0,0,1,"1"
"3/12/2014 15:00",35,-0.181121588,-26,10,1024,"cv",3.58,0,0,1,"1"
"3/12/2014 16:00",12,11.25155449,-25,10,1023,"NE",3.13,0,0,1,"1"
"3/12/2014 17:00",34,-1.404051304,-25,10,1023,"cv",0.89,0,0,1,"1"
"3/12/2014 18:00",28,27.52860069,-24,9,1023,"SE",1.79,0,0,1,"1"
"3/12/2014 19:00",35,34.26668549,-23,7,1024,"SE",2.68,0,0,1,"1"
"3/12/2014 20:00",30,29.09280205,-23,6,1024,"SE",3.57,0,0,1,"1"
"3/12/2014 21:00",75,74.70475006,-18,3,1025,"cv",0.89,0,0,2,"2"
"3/12/2014 22:00",60,59.83382034,-20,2,1025,"NW",1.79,0,0,2,"2"
"3/12/2014 23:00",55,54.25000381,-22,4,1026,"NW",3.58,0,0,2,"2"
"3/13/2014 0:00",70,69.45308685,-22,2,1026,"NW",6.71,0,0,2,"2"
"3/13/2014 1:00",52,51.75835419,-23,2,1026,"NW",8.5,0,0,2,"2"
"3/13/2014 2:00",26,25.80272675,-22,1,1026,"NW",10.29,0,0,1,"1"
"3/13/2014 3:00",30,29.31971741,-22,0,1025,"NW",12.08,0,0,1,"1"
"3/13/2014 4:00",47,46.79005051,-19,0,1025,"cv",0.89,0,0,2,"2"
"3/13/2014 5:00",55,54.81093216,-15,-2,1025,"cv",1.78,0,0,2,"2"
"3/13/2014 6:00",24,23.23139,-19,-1,1025,"NW",0.89,0,0,1,"1"
"3/13/2014 7:00",29,28.72117424,-15,-2,1025,"cv",0.89,0,0,1,"1"
"3/13/2014 8:00",56,55.19714355,-19,3,1025,"NW",1.79,0,0,2,"2"
"3/13/2014 9:00",21,20.72516632,-23,6,1025,"NW",3.58,0,0,1,"1"
"3/13/2014 10:00",27,26.79797745,-23,8,1024,"cv",0.89,0,0,1,"1"
"3/13/2014 11:00",33,-2.954441547,-25,9,1023,"NW",3.13,0,0,1,"1"
"3/13/2014 12:00",26,-9.652641296,-24,11,1022,"cv",1.79,0,0,1,"1"
"3/13/2014 13:00",18,17.03665924,-25,12,1020,"cv",4.92,0,0,1,"1"
"3/13/2014 14:00",9,8.976102829,-23,12,1019,"SE",3.13,0,0,1,"1"
"3/13/2014 15:00",5,4.920767784,-23,12,1018,"SE",8.05,0,0,1,"1"
"3/13/2014 16:00",20,19.35630608,-22,13,1017,"SE",13.86,0,0,1,"1"
"3/13/2014 17:00",30,29.3441143,-21,12,1017,"SE",18.78,0,0,1,"1"
"3/13/2014 18:00",60,59.06211472,-21,11,1017,"SE",24.59,0,0,2,"2"
"3/13/2014 19:00",28,27.46534157,-20,11,1017,"SE",29.51,0,0,1,"1"
"3/13/2014 20:00",40,39.62466431,-19,10,1017,"SE",34.43,0,0,2,"2"
"3/13/2014 21:00",48,47.13331604,-18,10,1018,"cv",0.89,0,0,2,"2"
"3/13/2014 22:00",15,14.6684351,-18,8,1019,"NW",4.92,0,0,1,"1"
"3/13/2014 23:00",6,5.46844244,-26,10,1019,"NW",12.97,0,0,1,"1"
"3/14/2014 0:00",31,-4.403542995,-25,10,1019,"NW",20.12,0,0,1,"1"
"3/14/2014 1:00",14,13.78424835,-25,9,1020,"NW",28.17,0,0,1,"1"
"3/14/2014 2:00",13,12.38531017,-24,9,1020,"NW",33.98,0,0,1,"1"
"3/14/2014 3:00",3,2.724635839,-23,8,1020,"NW",39.79,0,0,1,"1"
"3/14/2014 4:00",29,28.48356247,-24,7,1020,"NW",46.94,0,0,1,"1"
"3/14/2014 5:00",28,-7.79415226,-23,6,1020,"NW",52.75,0,0,1,"1"
"3/14/2014 6:00",10,9.845945358,-24,6,1021,"NW",57.67,0,0,1,"1"
"3/14/2014 7:00",26,-9.064221382,-22,4,1022,"NW",60.8,0,0,1,"1"
"3/14/2014 8:00",17,16.31741714,-22,9,1022,"NW",63.93,0,0,1,"1"
"3/14/2014 9:00",10,9.832778931,-23,11,1022,"NW",67.06,0,0,1,"1"
"3/14/2014 10:00",9,8.567329407,-23,12,1022,"NW",71.08,0,0,1,"1"
"3/14/2014 11:00",28,-7.811213493,-23,12,1021,"NW",72.87,0,0,1,"1"
"3/14/2014 12:00",32,-3.420516491,-22,13,1020,"cv",3.13,0,0,1,"1"
"3/14/2014 13:00",35,-0.354592323,-23,14,1019,"cv",7.15,0,0,1,"1"
"3/14/2014 14:00",17,16.40153503,-22,15,1017,"SE",4.02,0,0,1,"1"
"3/14/2014 15:00",19,-16.10544777,-22,16,1016,"SE",8.94,0,0,1,"1"
"3/14/2014 16:00",3,2.168484926,-21,17,1015,"SE",14.75,0,0,1,"1"
"3/14/2014 17:00",10,9.121368408,-20,16,1014,"SE",20.56,0,0,1,"1"
"3/14/2014 18:00",18,17.56534958,-20,15,1014,"SE",26.37,0,0,1,"1"
"3/14/2014 19:00",37,36.81769943,-18,12,1014,"SE",30.39,0,0,2,"2"
"3/14/2014 20:00",30,29.07250786,-16,12,1014,"SE",35.31,0,0,1,"1"
"3/14/2014 21:00",23,22.4131794,-17,11,1014,"SE",39.33,0,0,1,"1"
"3/14/2014 22:00",43,42.54494858,-15,11,1013,"SE",41.12,0,0,2,"2"
"3/14/2014 23:00",52,51.7959671,-14,11,1013,"SE",45.14,0,0,2,"2"
"3/15/2014 0:00",71,70.39096069,-13,8,1012,"SE",46.93,0,0,2,"2"
"3/15/2014 1:00",94,93.28108978,-11,7,1012,"SE",48.72,0,0,3,"3"
"3/15/2014 2:00",75,74.68456268,-12,2,1012,"NE",0.89,0,0,2,"2"
"3/15/2014 3:00",72,71.28529358,-12,3,1011,"cv",0.89,0,0,2,"2"
"3/15/2014 4:00",79,78.66828156,-12,1,1011,"NW",1.79,0,0,3,"3"
"3/15/2014 5:00",89,88.38828278,-9,1,1010,"NE",0.89,0,0,3,"3"
"3/15/2014 6:00",65,64.21089172,-9,1,1011,"NW",0.89,0,0,2,"2"
"3/15/2014 7:00",101,100.8312607,-7,1,1011,"NE",0.89,0,0,3,"3"
"3/15/2014 8:00",94,93.76074982,-10,6,1011,"cv",0.45,0,0,3,"3"
"3/15/2014 9:00",117,116.438942,-12,8,1012,"cv",1.34,0,0,3,"3"
"3/15/2014 10:00",112,111.041687,-11,11,1012,"cv",2.23,0,0,3,"3"
"3/15/2014 11:00",85,84.00736237,-13,12,1011,"cv",3.12,0,0,3,"3"
"3/15/2014 12:00",91,90.42993164,-12,15,1011,"SE",1.79,0,0,3,"3"
"3/15/2014 13:00",105,104.3641968,-12,17,1010,"cv",1.79,0,0,3,"3"
"3/15/2014 14:00",114,113.6316147,-14,20,1009,"SE",1.79,0,0,3,"3"
"3/15/2014 15:00",100,99.33789063,-14,21,1008,"SE",4.92,0,0,3,"3"
"3/15/2014 16:00",139,138.9261475,-13,22,1008,"SE",8.05,0,0,3,"3"
"3/15/2014 17:00",127,126.4835358,-12,20,1009,"SE",11.18,0,0,3,"3"
"3/15/2014 18:00",158,157.5149384,-11,19,1009,"SE",12.97,0,0,4,"4"
"3/15/2014 19:00",124,123.9069901,-8,16,1010,"SE",16.1,0,0,3,"3"
"3/15/2014 20:00",110,109.390892,-8,14,1011,"SE",17.89,0,0,3,"3"
"3/15/2014 21:00",133,132.5665131,-7,13,1011,"SE",19.68,0,0,3,"3"
"3/15/2014 22:00",154,153.1839905,-6,14,1013,"SE",23.7,0,0,4,"4"
"3/15/2014 23:00",212,211.1204071,-4,12,1013,"SE",27.72,0,0,4,"4"
"3/16/2014 0:00",158,157.7685547,-7,11,1014,"SE",30.85,0,0,4,"4"
"3/16/2014 1:00",181,180.5771942,-9,10,1015,"SE",32.64,0,0,4,"4"
"3/16/2014 2:00",157,156.7628937,-10,8,1015,"cv",0.89,0,0,4,"4"
"3/16/2014 3:00",128,127.5541763,-10,7,1015,"cv",1.78,0,0,3,"3"
"3/16/2014 4:00",117,116.536705,-9,6,1015,"cv",2.67,0,0,3,"3"
"3/16/2014 5:00",105,104.187767,-9,5,1016,"cv",3.56,0,0,3,"3"
"3/16/2014 6:00",97,96.23917389,-11,7,1017,"cv",4.45,0,0,3,"3"
"3/16/2014 7:00",109,108.6381836,-11,7,1017,"SE",1.79,0,0,3,"3"
"3/16/2014 8:00",123,122.6273346,-9,10,1018,"cv",0.45,0,0,3,"3"
"3/16/2014 9:00",75,74.860672,-11,12,1019,"NW",3.13,0,0,2,"2"
"3/16/2014 10:00",74,73.44010162,-12,13,1018,"SE",1.79,0,0,2,"2"
"3/16/2014 11:00",57,56.95484924,-13,14,1018,"SE",5.81,0,0,2,"2"
"3/16/2014 12:00",62,61.92679977,-14,16,1018,"cv",3.13,0,0,2,"2"
"3/16/2014 13:00",55,54.97328949,-12,16,1016,"SE",4.02,0,0,2,"2"
"3/16/2014 14:00",77,76.57227325,-11,17,1015,"SE",8.04,0,0,3,"3"
"3/16/2014 15:00",92,91.34941101,-9,17,1013,"SE",12.96,0,0,3,"3"
"3/16/2014 16:00",114,113.1206741,-8,17,1012,"SE",16.98,0,0,3,"3"
"3/16/2014 17:00",106,105.7568893,-8,16,1012,"SE",21,0,0,3,"3"
"3/16/2014 18:00",139,138.2276764,-7,15,1012,"SE",25.02,0,0,3,"3"
"3/16/2014 19:00",135,134.2389526,-6,13,1012,"SE",28.15,0,0,3,"3"
"3/16/2014 20:00",137,136.2115326,-6,12,1013,"SE",31.28,0,0,3,"3"
"3/16/2014 21:00",170,169.9889069,-5,11,1013,"SE",34.41,0,0,4,"4"
"3/16/2014 22:00",136,135.8930664,-5,10,1013,"SE",37.54,0,0,3,"3"
"3/16/2014 23:00",143,142.021225,-5,9,1012,"cv",0.89,0,0,3,"3"
"3/17/2014 0:00",155,154.7081146,-5,8,1012,"SE",0.89,0,0,4,"4"
"3/17/2014 1:00",153,152.3727875,-4,6,1011,"cv",0.45,0,0,4,"4"
"3/17/2014 2:00",146,145.7943268,-4,4,1011,"NW",1.79,0,0,3,"3"
"3/17/2014 3:00",140,139.308136,-4,6,1010,"cv",0.89,0,0,3,"3"
"3/17/2014 4:00",146,145.8225098,-4,5,1010,"cv",1.78,0,0,3,"3"
"3/17/2014 5:00",140,139.2628174,-4,4,1010,"NE",0.89,0,0,3,"3"
"3/17/2014 6:00",135,134.1114502,-4,4,1010,"NW",1.79,0,0,3,"3"
"3/17/2014 7:00",154,153.8273926,-4,5,1011,"NW",3.58,0,0,4,"4"
"3/17/2014 8:00",168,167.3422089,-4,8,1011,"NW",6.71,0,0,4,"4"
"3/17/2014 9:00",172,171.5973511,-5,10,1012,"NW",9.84,0,0,4,"4"
"3/17/2014 10:00",182,181.8243866,-5,12,1011,"NW",12.97,0,0,4,"4"
"3/17/2014 11:00",170,169.3547058,-10,16,1012,"NW",20.12,0,0,4,"4"
"3/17/2014 12:00",138,137.00737,-11,19,1011,"NW",27.27,0,0,3,"3"
"3/17/2014 13:00",81,80.16251373,-10,19,1011,"NW",35.32,0,0,3,"3"
"3/17/2014 14:00",41,40.8697319,-10,20,1010,"NW",44.26,0,0,2,"2"
"3/17/2014 15:00",39,38.06689072,-10,21,1010,"NW",54.09,0,0,2,"2"
"3/17/2014 16:00",53,52.46554947,-11,21,1010,"NW",63.92,0,0,2,"2"
"3/17/2014 17:00",41,40.34922028,-11,20,1011,"NW",73.75,0,0,2,"2"
"3/17/2014 18:00",66,65.41946411,-10,18,1012,"NW",84.93,0,0,2,"2"
"3/17/2014 19:00",33,32.0821991,-11,18,1014,"NW",93.87,0,0,1,"1"
"3/17/2014 20:00",54,53.24282455,-11,17,1016,"NW",101.02,0,0,2,"2"
"3/17/2014 21:00",53,52.33908081,-10,16,1017,"NW",106.83,0,0,2,"2"
"3/17/2014 22:00",33,32.22012329,-11,15,1018,"NW",112.64,0,0,1,"1"
"3/17/2014 23:00",35,34.04197693,-11,15,1018,"NW",119.79,0,0,1,"1"
"3/18/2014 0:00",20,19.64814758,-11,12,1019,"NW",123.81,0,0,1,"1"
"3/18/2014 1:00",44,43.49676514,-10,10,1019,"NW",129.62,0,0,2,"2"
"3/18/2014 2:00",24,23.4351368,-13,13,1020,"NE",5.81,0,0,1,"1"
"3/18/2014 3:00",36,35.78258514,-12,11,1021,"NE",9.83,0,0,2,"2"
"3/18/2014 4:00",37,36.55568695,-12,11,1021,"NE",12.96,0,0,2,"2"
"3/18/2014 5:00",7,6.991927147,-12,9,1022,"cv",0.89,0,0,1,"1"
"3/18/2014 6:00",2,1.329980493,-12,8,1022,"NE",3.13,0,0,1,"1"
"3/18/2014 7:00",37,36.66201401,-10,6,1023,"NE",6.26,0,0,2,"2"
"3/18/2014 8:00",17,16.18992615,-12,13,1024,"NE",10.28,0,0,1,"1"
"3/18/2014 9:00",4,3.311132908,-12,14,1024,"NE",14.3,0,0,1,"1"
"3/18/2014 10:00",27,26.07325363,-12,15,1024,"SE",3.13,0,0,1,"1"
"3/18/2014 11:00",33,32.54104614,-8,15,1024,"SE",8.94,0,0,1,"1"
"3/18/2014 12:00",69,68.03539276,-7,15,1024,"SE",13.86,0,0,2,"2"
"3/18/2014 13:00",56,55.50777817,-7,15,1023,"SE",18.78,0,0,2,"2"
"3/18/2014 14:00",99,98.10816956,-6,15,1022,"SE",24.59,0,0,3,"3"
"3/18/2014 15:00",75,74.90675354,-7,14,1022,"SE",31.74,0,0,2,"2"
"3/18/2014 16:00",86,85.43884277,-6,14,1021,"SE",37.55,0,0,3,"3"
"3/18/2014 17:00",82,81.59779358,-6,13,1021,"SE",44.7,0,0,3,"3"
"3/18/2014 18:00",77,76.04483795,-7,12,1021,"SE",50.51,0,0,3,"3"
"3/18/2014 19:00",73,72.26344299,-8,11,1021,"SE",55.43,0,0,2,"2"
"3/18/2014 20:00",47,46.18318939,-9,10,1022,"SE",59.45,0,0,2,"2"
"3/18/2014 21:00",71,70.5041275,-10,9,1022,"SE",62.58,0,0,2,"2"
"3/18/2014 22:00",49,48.15698624,-12,9,1022,"SE",66.6,0,0,2,"2"
"3/18/2014 23:00",42,41.83225632,-12,7,1022,"SE",68.39,0,0,2,"2"
"3/19/2014 0:00",57,56.29353333,-11,7,1022,"SE",70.18,0,0,2,"2"
"3/19/2014 1:00",47,46.34252548,-10,7,1021,"SE",73.31,0,0,2,"2"
"3/19/2014 2:00",69,68.76956177,-8,6,1021,"SE",75.1,0,0,2,"2"
"3/19/2014 3:00",87,86.25663757,-8,5,1021,"SE",76.89,0,0,3,"3"
"3/19/2014 4:00",125,124.7305145,-7,5,1021,"NE",1.79,0,0,3,"3"
"3/19/2014 5:00",96,95.32854462,-8,6,1021,"SE",1.79,0,0,3,"3"
"3/19/2014 6:00",107,106.6144791,-7,6,1022,"SE",2.68,0,0,3,"3"
"3/19/2014 7:00",88,87.13154602,-7,6,1022,"SE",3.57,0,0,3,"3"
"3/19/2014 8:00",104,103.7894363,-7,7,1022,"cv",0.89,0,0,3,"3"
"3/19/2014 9:00",125,124.1756744,-7,8,1022,"cv",1.78,0,0,3,"3"
"3/19/2014 10:00",126,125.8499527,-7,9,1022,"cv",3.57,0,0,3,"3"
"3/19/2014 11:00",110,109.691658,-8,9,1022,"NW",3.13,0,0,3,"3"
"3/19/2014 12:00",95,94.5038681,-9,10,1022,"NW",6.26,0,0,3,"3"
"3/19/2014 13:00",112,111.0902863,-6,10,1023,"NW",11.18,0,0,3,"3"
"3/19/2014 14:00",132,131.5635376,-3,12,1022,"NW",16.1,0,0,3,"3"
"3/19/2014 15:00",113,112.6938171,-4,13,1022,"NE",3.13,0,0,3,"3"
"3/19/2014 16:00",110,109.8613663,-4,12,1022,"NE",6.26,0,0,3,"3"
"3/19/2014 17:00",99,98.9533844,-4,12,1021,"SE",1.79,0,0,3,"3"
"3/19/2014 18:00",101,100.1371384,-4,11,1022,"NW",1.79,0,0,3,"3"
"3/19/2014 19:00",81,80.13345337,-4,11,1023,"NW",4.92,0,0,3,"3"
"3/19/2014 20:00",91,90.27998352,-4,11,1024,"NW",8.94,0,0,3,"3"
"3/19/2014 21:00",7,6.137025356,-15,10,1026,"NW",16.09,0,0,1,"1"
"3/19/2014 22:00",9,8.258893967,-18,10,1027,"NW",23.24,0,0,1,"1"
"3/19/2014 23:00",3,2.527530909,-18,8,1028,"NW",28.16,0,0,1,"1"
"3/20/2014 0:00",35,34.75826645,-17,6,1029,"NW",32.18,0,0,1,"1"
"3/20/2014 1:00",24,23.89346886,-17,8,1029,"NW",35.31,0,0,1,"1"
"3/20/2014 2:00",26,25.03577995,-17,7,1028,"NW",41.12,0,0,1,"1"
"3/20/2014 3:00",40,39.29471588,-16,6,1028,"NW",45.14,0,0,2,"2"
"3/20/2014 4:00",28,27.63312149,-16,8,1028,"NW",50.06,0,0,1,"1"
"3/20/2014 5:00",41,40.45122528,-16,7,1028,"NW",54.98,0,0,2,"2"
"3/20/2014 6:00",47,46.43970871,-16,7,1028,"NW",59.9,0,0,2,"2"
"3/20/2014 7:00",41,40.09356689,-15,8,1028,"NW",64.82,0,0,2,"2"
"3/20/2014 8:00",21,20.81050491,-16,12,1029,"NW",70.63,0,0,1,"1"
"3/20/2014 9:00",8,7.813984394,-16,12,1029,"NW",76.44,0,0,1,"1"
"3/20/2014 10:00",34,33.28320313,-16,14,1029,"NW",83.59,0,0,1,"1"
"3/20/2014 11:00",11,10.16374969,-17,15,1028,"NW",87.61,0,0,1,"1"
"3/20/2014 12:00",41,40.43653107,-17,16,1027,"NW",90.74,0,0,2,"2"
"3/20/2014 13:00",24,23.19430351,-17,16,1026,"NE",3.13,0,0,1,"1"
"3/20/2014 14:00",21,20.41886139,-17,18,1024,"cv",0.89,0,0,1,"1"
"3/20/2014 15:00",16,15.14620781,-17,18,1024,"cv",2.68,0,0,1,"1"
"3/20/2014 16:00",27,26.18808556,-17,18,1023,"SE",3.13,0,0,1,"1"
"3/20/2014 17:00",17,16.71201324,-17,18,1023,"cv",0.89,0,0,1,"1"
"3/20/2014 18:00",28,27.26763153,-17,16,1023,"SE",1.79,0,0,1,"1"
"3/20/2014 19:00",15,14.59262466,-17,15,1023,"cv",0.89,0,0,1,"1"
"3/20/2014 20:00",19,18.30197144,-14,12,1024,"cv",1.78,0,0,1,"1"
"3/20/2014 21:00",37,36.49709702,-15,10,1024,"NW",1.79,0,0,2,"2"
"3/20/2014 22:00",41,40.50333023,-11,7,1024,"NE",1.79,0,0,2,"2"
"3/20/2014 23:00",43,42.10091019,-13,8,1024,"cv",0.89,0,0,2,"2"
"3/21/2014 0:00",14,13.75440788,-16,12,1024,"NW",4.02,0,0,1,"1"
"3/21/2014 1:00",12,11.84150219,-16,13,1024,"NW",8.94,0,0,1,"1"
"3/21/2014 2:00",7,6.885463238,-17,12,1023,"NW",13.86,0,0,1,"1"
"3/21/2014 3:00",9,8.053113937,-17,10,1023,"NW",17.88,0,0,1,"1"
"3/21/2014 4:00",29,28.53496552,-15,8,1023,"NW",19.67,0,0,1,"1"
"3/21/2014 5:00",20,19.57239723,-15,4,1023,"NW",22.8,0,0,1,"1"
"3/21/2014 6:00",50,49.60824966,-12,5,1023,"SE",1.79,0,0,2,"2"
"3/21/2014 7:00",34,33.60444641,-11,5,1024,"cv",0.89,0,0,1,"1"
"3/21/2014 8:00",53,52.54376984,-12,10,1024,"cv",1.78,0,0,2,"2"
"3/21/2014 9:00",44,43.39234543,-14,14,1024,"cv",2.67,0,0,2,"2"
"3/21/2014 10:00",55,54.75899506,-15,16,1023,"cv",3.56,0,0,2,"2"
"3/21/2014 11:00",23,22.37174034,-14,18,1022,"SE",3.13,0,0,1,"1"
"3/21/2014 12:00",21,20.17904854,-17,20,1020,"SE",6.26,0,0,1,"1"
"3/21/2014 13:00",7,-28.50626945,-20,21,1019,"NW",4.92,0,0,1,"1"
"3/21/2014 14:00",16,15.98198605,-18,22,1018,"cv",1.79,0,0,1,"1"
"3/21/2014 15:00",35,-0.560461044,-18,22,1017,"SE",4.02,0,0,1,"1"
"3/21/2014 16:00",12,11.78138447,-18,22,1016,"SE",8.94,0,0,1,"1"
"3/21/2014 17:00",45,44.79859924,-16,21,1016,"SE",14.75,0,0,2,"2"
"3/21/2014 18:00",48,47.52051544,-16,19,1016,"SE",18.77,0,0,2,"2"
"3/21/2014 19:00",83,82.01590729,-14,16,1016,"SE",22.79,0,0,3,"3"
"3/21/2014 20:00",51,50.69963455,-14,14,1016,"SE",25.92,0,0,2,"2"
"3/21/2014 21:00",51,50.85259247,-12,15,1016,"SE",29.05,0,0,2,"2"
"3/21/2014 22:00",47,46.39786148,-12,18,1016,"SE",36.2,0,0,2,"2"
"3/21/2014 23:00",57,56.75812912,-11,17,1015,"SE",41.12,0,0,2,"2"
"3/22/2014 0:00",51,50.1950264,-12,16,1015,"SE",42.91,0,0,2,"2"
"3/22/2014 1:00",68,67.65109253,-10,9,1015,"cv",0.89,0,0,2,"2"
"3/22/2014 2:00",108,107.9054337,-10,7,1015,"NW",3.13,0,0,3,"3"
"3/22/2014 3:00",98,97.2827301,-10,5,1015,"NW",4.92,0,0,3,"3"
"3/22/2014 4:00",133,132.2975311,-5,5,1015,"NW",6.71,0,0,3,"3"
"3/22/2014 5:00",67,66.16577148,-7,5,1015,"NW",7.6,0,0,2,"2"
"3/22/2014 6:00",90,89.57407379,-6,3,1016,"NW",8.49,0,0,3,"3"
"3/22/2014 7:00",95,94.43600464,-8,5,1016,"NW",10.28,0,0,3,"3"
"3/22/2014 8:00",104,103.7666855,-11,11,1017,"NW",12.07,0,0,3,"3"
"3/22/2014 9:00",109,108.3425674,-13,14,1017,"cv",1.79,0,0,3,"3"
"3/22/2014 10:00",67,66.30517578,-17,18,1018,"NE",4.92,0,0,2,"2"
"3/22/2014 11:00",26,25.58035278,-18,21,1018,"NW",5.81,0,0,1,"1"
"3/22/2014 12:00",47,46.34232712,-20,22,1017,"NE",4.92,0,0,2,"2"
"3/22/2014 13:00",47,46.06207657,-21,23,1017,"NW",4.92,0,0,2,"2"
"3/22/2014 14:00",30,29.57341003,-22,23,1016,"NE",5.81,0,0,1,"1"
"3/22/2014 15:00",38,37.47719955,-22,23,1017,"NE",11.62,0,0,2,"2"
"3/22/2014 16:00",28,27.10841751,-19,22,1017,"NE",17.43,0,0,1,"1"
"3/22/2014 17:00",45,44.47064209,-22,22,1017,"NE",22.35,0,0,2,"2"
"3/22/2014 18:00",21,20.45356941,-21,21,1018,"NE",27.27,0,0,1,"1"
"3/22/2014 19:00",35,34.38896179,-16,17,1019,"SE",0.89,0,0,1,"1"
"3/22/2014 20:00",52,51.15129471,-14,17,1021,"SE",4.02,0,0,2,"2"
"3/22/2014 21:00",27,26.48973083,-11,16,1022,"SE",9.83,0,0,1,"1"
"3/22/2014 22:00",114,113.2651138,-8,13,1023,"SE",13.85,0,0,3,"3"
"3/22/2014 23:00",120,119.4739838,-10,12,1024,"SE",15.64,0,0,3,"3"
"3/23/2014 0:00",183,182.90448,-9,8,1025,"NE",1.79,0,0,4,"4"
"3/23/2014 1:00",121,120.9787903,-10,8,1026,"cv",0.89,0,0,3,"3"
"3/23/2014 2:00",97,96.76139069,-7,7,1026,"cv",1.78,0,0,3,"3"
"3/23/2014 3:00",133,132.1062317,-7,6,1026,"NE",0.89,0,0,3,"3"
"3/23/2014 4:00",99,98.75228882,-7,7,1025,"cv",0.89,0,0,3,"3"
"3/23/2014 5:00",134,133.4847107,-4,5,1026,"cv",1.78,0,0,3,"3"
"3/23/2014 6:00",122,121.4631805,-5,5,1026,"SE",0.89,0,0,3,"3"
"3/23/2014 7:00",135,134.2326508,-4,5,1026,"NW",1.79,0,0,3,"3"
"3/23/2014 8:00",155,154.1151886,-5,9,1027,"NE",1.79,0,0,4,"4"
"3/23/2014 9:00",162,161.881485,-4,13,1027,"cv",0.89,0,0,4,"4"
"3/23/2014 10:00",193,192.8637543,-3,15,1027,"cv",1.78,0,0,4,"4"
"3/23/2014 11:00",183,182.8293915,-5,17,1026,"SE",1.79,0,0,4,"4"
"3/23/2014 12:00",154,153.093277,-8,18,1025,"SE",4.92,0,0,4,"4"
"3/23/2014 13:00",140,139.4272766,-8,19,1023,"SE",8.94,0,0,3,"3"
"3/23/2014 14:00",149,148.7278748,-7,19,1022,"SE",12.96,0,0,3,"3"
"3/23/2014 15:00",121,120.7304077,-6,19,1021,"SE",16.98,0,0,3,"3"
"3/23/2014 16:00",145,144.6262054,-5,19,1020,"SE",21,0,0,3,"3"
"3/23/2014 17:00",155,154.3494415,-4,18,1019,"SE",25.92,0,0,4,"4"
"3/23/2014 18:00",183,182.4998779,-3,17,1019,"SE",29.94,0,0,4,"4"
"3/23/2014 19:00",192,191.0253448,-2,15,1019,"SE",33.07,0,0,4,"4"
"3/23/2014 20:00",158,157.1743622,-2,14,1019,"SE",36.2,0,0,4,"4"
"3/23/2014 21:00",155,154.6061096,-1,14,1020,"SE",40.22,0,0,4,"4"
"3/23/2014 22:00",149,148.3840637,-1,12,1020,"SE",43.35,0,0,3,"3"
"3/23/2014 23:00",222,221.1434479,0,11,1019,"SE",46.48,0,0,4,"4"
"3/24/2014 0:00",233,232.9776459,-1,10,1019,"cv",0.89,0,0,4,"4"
"3/24/2014 1:00",246,245.1406403,-2,6,1018,"NE",0.89,0,0,4,"4"
"3/24/2014 2:00",270,269.1170349,-1,7,1018,"SE",0.89,0,0,4,"4"
"3/24/2014 3:00",251,250.3856201,-1,6,1017,"NW",1.79,0,0,4,"4"
"3/24/2014 4:00",280,279.7393494,0,6,1017,"SE",0.89,0,0,4,"4"
"3/24/2014 5:00",230,229.4917603,-1,4,1016,"NE",0.89,0,0,4,"4"
"3/24/2014 6:00",267,266.0090027,1,6,1016,"SE",0.89,0,0,4,"4"
"3/24/2014 7:00",258,257.8027344,0,5,1016,"NE",0.89,0,0,4,"4"
"3/24/2014 8:00",277,276.2020874,1,8,1016,"SE",0.89,0,0,4,"4"
"3/24/2014 9:00",270,269.7264404,1,11,1016,"cv",0.89,0,0,4,"4"
"3/24/2014 10:00",293,292.6825256,1,13,1016,"cv",1.78,0,0,4,"4"
"3/24/2014 11:00",279,278.4827576,1,15,1015,"cv",2.67,0,0,4,"4"
"3/24/2014 12:00",290,289.8583679,0,16,1014,"cv",4.46,0,0,4,"4"
"3/24/2014 13:00",286,285.4763489,0,19,1013,"cv",6.25,0,0,4,"4"
"3/24/2014 14:00",274,273.754303,0,20,1012,"cv",9.38,0,0,4,"4"
"3/24/2014 15:00",266,265.263092,0,21,1011,"cv",13.4,0,0,4,"4"
"3/24/2014 16:00",248,247.9698029,0,21,1010,"SE",4.02,0,0,4,"4"
"3/24/2014 17:00",208,207.3024292,0,21,1009,"SE",8.04,0,0,4,"4"
"3/24/2014 18:00",173,172.6909485,-1,20,1010,"SE",9.83,0,0,4,"4"
"3/24/2014 19:00",194,193.4033203,0,19,1010,"SE",12.96,0,0,4,"4"
"3/24/2014 20:00",188,187.7724457,0,18,1011,"SE",16.98,0,0,4,"4"
"3/24/2014 21:00",203,202.9131775,2,14,1011,"SE",17.87,0,0,4,"4"
"3/24/2014 22:00",245,244.1762848,2,12,1011,"SE",18.76,0,0,4,"4"
"3/24/2014 23:00",251,250.8458252,3,11,1011,"cv",0.45,0,0,4,"4"
"3/25/2014 0:00",276,275.1433716,2,10,1011,"NE",0.89,0,0,4,"4"
"3/25/2014 1:00",275,274.462677,2,10,1012,"NW",1.79,0,0,4,"4"
"3/25/2014 2:00",287,286.5328979,1,8,1011,"NE",0.89,0,0,4,"4"
"3/25/2014 3:00",307,306.3338013,1,8,1011,"NW",0.89,0,0,4,"4"
"3/25/2014 4:00",300,299.6690674,0,7,1011,"NW",1.78,0,0,4,"4"
"3/25/2014 5:00",304,303.723114,0,7,1011,"NW",3.57,0,0,4,"4"
"3/25/2014 6:00",248,247.4407654,0,6,1011,"NW",6.7,0,0,4,"4"
"3/25/2014 7:00",231,230.802536,0,8,1012,"NW",8.49,0,0,4,"4"
"3/25/2014 8:00",215,214.2098846,0,12,1012,"NW",11.62,0,0,4,"4"
"3/25/2014 9:00",238,237.102005,-1,15,1012,"NW",14.75,0,0,4,"4"
"3/25/2014 10:00",229,228.2387543,-1,17,1012,"cv",0.89,0,0,4,"4"
"3/25/2014 11:00",226,225.2993317,-1,19,1012,"cv",1.78,0,0,4,"4"
"3/25/2014 12:00",246,245.081955,1,20,1011,"SE",1.79,0,0,4,"4"
"3/25/2014 13:00",243,242.5320435,1,21,1010,"cv",1.79,0,0,4,"4"
"3/25/2014 14:00",219,218.1162262,0,22,1009,"cv",3.58,0,0,4,"4"
"3/25/2014 15:00",219,218.9156036,1,23,1008,"SE",3.13,0,0,4,"4"
"3/25/2014 16:00",196,195.1003571,0,23,1007,"SE",7.15,0,0,4,"4"
"3/25/2014 17:00",185,184.2143707,1,22,1007,"SE",11.17,0,0,4,"4"
"3/25/2014 18:00",195,194.5639648,2,21,1007,"SE",14.3,0,0,4,"4"
"3/25/2014 19:00",180,179.3669891,3,18,1008,"SE",15.19,0,0,4,"4"
"3/25/2014 20:00",181,180.3073425,4,16,1009,"SE",16.08,0,0,4,"4"
"3/25/2014 21:00",154,153.9154663,5,14,1009,"SE",16.97,0,0,4,"4"
"3/25/2014 22:00",142,141.833313,4,14,1009,"cv",0.89,0,0,3,"3"
"3/25/2014 23:00",152,151.5370636,4,12,1010,"SE",0.89,0,0,4,"4"
"3/26/2014 0:00",176,175.3308868,4,12,1010,"SE",1.78,0,0,4,"4"
"3/26/2014 1:00",185,184.0396118,4,11,1010,"NE",0.89,0,0,4,"4"
"3/26/2014 2:00",198,197.4781036,3,10,1010,"NE",1.78,0,0,4,"4"
"3/26/2014 3:00",224,223.3287659,4,11,1009,"cv",0.89,0,0,4,"4"
"3/26/2014 4:00",246,245.234024,4,10,1010,"cv",1.78,0,0,4,"4"
"3/26/2014 5:00",256,255.4569855,4,9,1010,"cv",2.67,0,0,4,"4"
"3/26/2014 6:00",257,256.9323425,5,9,1011,"cv",3.56,0,0,4,"4"
"3/26/2014 7:00",304,303.9064636,5,9,1012,"cv",4.45,0,0,4,"4"
"3/26/2014 8:00",324,323.5219421,7,11,1012,"cv",5.34,0,0,4,"4"
"3/26/2014 9:00",337,336.3189392,7,13,1013,"cv",6.23,0,0,4,"4"
"3/26/2014 10:00",334,333.5029907,7,15,1013,"cv",7.12,0,0,4,"4"
"3/26/2014 11:00",366,365.0384216,8,18,1012,"cv",8.01,0,0,4,"4"
"3/26/2014 12:00",343,342.7242126,8,19,1011,"SE",1.79,0,0,4,"4"
"3/26/2014 13:00",342,341.3745422,7,21,1010,"SE",3.58,0,0,4,"4"
"3/26/2014 14:00",312,311.8398743,6,22,1009,"cv",1.79,0,0,4,"4"
"3/26/2014 15:00",308,307.806366,6,23,1008,"SE",1.79,0,0,4,"4"
"3/26/2014 16:00",285,284.0915222,6,24,1007,"SE",5.81,0,0,4,"4"
"3/26/2014 17:00",253,252.3485413,6,23,1007,"SE",9.83,0,0,4,"4"
"3/26/2014 18:00",279,278.7691345,7,22,1008,"SE",13.85,0,0,4,"4"
"3/26/2014 19:00",308,307.6616821,8,20,1009,"SE",15.64,0,0,4,"4"
"3/26/2014 20:00",357,356.6033936,8,18,1009,"SE",16.53,0,0,4,"4"
"3/26/2014 21:00",352,351.1681213,8,15,1010,"cv",0.89,0,0,4,"4"
"3/26/2014 22:00",388,387.1705627,7,14,1011,"cv",1.34,0,0,4,"4"
"3/26/2014 23:00",392,391.8057251,7,13,1011,"NE",0.89,0,0,4,"4"
"3/27/2014 0:00",403,402.8746948,7,12,1011,"NE",1.78,0,0,4,"4"
"3/27/2014 1:00",434,433.8225403,7,12,1011,"NW",0.89,0,0,4,"4"
"3/27/2014 2:00",422,421.6992798,7,11,1011,"SE",0.89,0,0,4,"4"
"3/27/2014 3:00",433,432.7902222,7,11,1011,"cv",0.45,0,0,4,"4"
"3/27/2014 4:00",411,410.8756409,6,10,1011,"SE",0.89,0,0,4,"4"
"3/27/2014 5:00",404,403.5397644,6,10,1012,"NE",0.89,0,0,4,"4"
"3/27/2014 6:00",351,350.5583191,7,12,1012,"NE",1.78,0,0,4,"4"
"3/27/2014 7:00",389,388.676178,8,12,1013,"cv",0.45,0,0,4,"4"
"3/27/2014 8:00",362,361.3121643,8,14,1014,"cv",1.34,0,0,4,"4"
"3/27/2014 9:00",369,368.6954346,9,16,1014,"SE",3.13,0,0,4,"4"
"3/27/2014 10:00",340,339.9814148,8,16,1014,"SE",7.15,0,0,4,"4"
"3/27/2014 11:00",381,380.1762085,8,15,1014,"SE",11.17,0,0,4,"4"
"3/27/2014 12:00",378,377.5184326,5,15,1014,"SE",15.19,0,0,4,"4"
"3/27/2014 13:00",395,394.9954529,1,15,1013,"SE",19.21,0,0,4,"4"
"3/27/2014 14:00",302,301.2373657,0,15,1011,"SE",23.23,0,0,4,"4"
"3/27/2014 15:00",130,129.7969513,0,15,1011,"SE",25.02,0,0,3,"3"
"3/27/2014 16:00",69,68.21618652,0,15,1010,"NE",0.89,0,0,2,"2"
"3/27/2014 17:00",58,57.41652298,0,15,1010,"cv",0.89,0,0,2,"2"
"3/27/2014 18:00",106,105.4920959,1,15,1009,"NW",3.13,0,0,3,"3"
"3/27/2014 19:00",110,109.6107712,3,14,1009,"NW",6.26,0,0,3,"3"
"3/27/2014 20:00",119,118.1709824,3,13,1009,"NW",8.05,0,0,3,"3"
"3/27/2014 21:00",130,129.4395447,3,13,1009,"NW",9.84,0,0,3,"3"
"3/27/2014 22:00",115,114.4955215,3,13,1009,"cv",0.89,0,0,3,"3"
"3/27/2014 23:00",126,125.9374847,2,13,1009,"NW",1.79,0,0,3,"3"
"3/28/2014 0:00",135,134.911972,2,13,1008,"cv",0.89,0,0,3,"3"
"3/28/2014 1:00",157,156.6360016,4,12,1008,"cv",1.78,0,0,4,"4"
"3/28/2014 2:00",156,155.2513733,4,13,1008,"NW",1.79,0,0,4,"4"
"3/28/2014 3:00",173,172.093811,4,12,1007,"cv",0.89,0,0,4,"4"
"3/28/2014 4:00",157,156.6798859,5,12,1007,"NW",0.89,0,0,4,"4"
"3/28/2014 5:00",174,173.4383698,5,13,1008,"NW",1.78,0,0,4,"4"
"3/28/2014 6:00",207,206.8734131,7,11,1008,"NW",3.57,0,1,4,"4"
"3/28/2014 7:00",208,207.9260712,8,12,1008,"NW",7.59,0,2,4,"4"
"3/28/2014 8:00",184,183.2557068,9,13,1008,"NE",3.13,0,3,4,"4"
"3/28/2014 9:00",197,196.8087311,8,15,1009,"NW",4.02,0,4,4,"4"
"3/28/2014 10:00",192,191.3916321,9,16,1008,"NW",8.94,0,0,4,"4"
"3/28/2014 11:00",173,172.7856598,8,17,1008,"NW",12.96,0,0,4,"4"
"3/28/2014 12:00",144,143.6507111,6,19,1008,"NE",4.02,0,0,3,"3"
"3/28/2014 13:00",88,87.73131561,5,22,1007,"NE",8.04,0,0,3,"3"
"3/28/2014 14:00",84,83.81298065,4,23,1006,"cv",1.79,0,0,3,"3"
"3/28/2014 15:00",36,35.41743088,4,22,1006,"SE",4.02,0,0,2,"2"
"3/28/2014 16:00",39,38.58946228,5,22,1006,"SE",8.04,0,0,2,"2"
"3/28/2014 17:00",72,71.4523468,6,21,1006,"SE",12.06,0,0,2,"2"
"3/28/2014 18:00",120,119.1988068,6,19,1006,"SE",15.19,0,0,3,"3"
"3/28/2014 19:00",145,144.5904999,7,17,1007,"SE",18.32,0,0,3,"3"
"3/28/2014 20:00",149,148.5467987,7,16,1008,"SE",21.45,0,0,3,"3"
"3/28/2014 21:00",155,154.6590576,7,15,1010,"SE",23.24,0,0,4,"4"
"3/28/2014 22:00",199,198.3023071,8,14,1011,"NE",0.89,0,0,4,"4"
"3/28/2014 23:00",215,214.4435883,8,13,1011,"SE",0.89,0,0,4,"4"
"3/29/2014 0:00",222,221.9420929,8,12,1011,"SE",1.78,0,0,4,"4"
"3/29/2014 1:00",214,213.2485504,8,12,1011,"cv",0.89,0,0,4,"4"
"3/29/2014 2:00",185,184.1150665,6,9,1011,"NW",4.92,0,0,4,"4"
"3/29/2014 3:00",105,104.0996094,6,9,1011,"cv",0.89,0,0,3,"3"
"3/29/2014 4:00",19,18.39953232,4,8,1012,"NW",1.79,0,0,1,"1"
"3/29/2014 5:00",6,5.981329918,4,9,1012,"NW",6.71,0,0,1,"1"
"3/29/2014 6:00",4,3.573678493,2,11,1013,"NW",7.6,0,0,1,"1"
"3/29/2014 7:00",23,22.87623978,3,12,1014,"NW",11.62,0,0,1,"1"
"3/29/2014 8:00",28,27.05114555,1,15,1015,"NW",14.75,0,0,1,"1"
"3/29/2014 9:00",36,35.69239044,0,18,1015,"NW",19.67,0,0,2,"2"
"3/29/2014 10:00",44,43.7773056,0,18,1015,"NE",4.92,0,0,2,"2"
"3/29/2014 11:00",28,27.98687363,-1,20,1015,"cv",3.13,0,0,1,"1"
"3/29/2014 12:00",25,24.15220833,-1,21,1014,"NW",4.92,0,0,1,"1"
"3/29/2014 13:00",41,40.12793732,-1,21,1013,"cv",1.79,0,0,2,"2"
"3/29/2014 14:00",19,18.97229767,-2,22,1012,"cv",4.92,0,0,1,"1"
"3/29/2014 15:00",36,35.17218399,-3,23,1011,"cv",6.71,0,0,2,"2"
"3/29/2014 16:00",24,23.7727108,-3,23,1011,"NE",1.79,0,0,1,"1"
"3/29/2014 17:00",23,22.21871185,-2,22,1011,"cv",0.89,0,0,1,"1"
"3/29/2014 18:00",30,29.09231567,-1,20,1011,"SE",1.79,0,0,1,"1"
"3/29/2014 19:00",29,28.96057129,0,18,1012,"SE",3.58,0,0,1,"1"
"3/29/2014 20:00",16,15.30678082,-2,19,1013,"SE",7.6,0,0,1,"1"
"3/29/2014 21:00",40,39.58603287,-1,19,1013,"SE",11.62,0,0,2,"2"
"3/29/2014 22:00",52,51.01333618,-1,16,1014,"cv",0.89,0,0,2,"2"
"3/29/2014 23:00",54,53.16280365,-1,15,1014,"SE",1.79,0,0,2,"2"
"3/30/2014 0:00",76,75.17630768,2,13,1014,"cv",0.89,0,0,3,"3"
"3/30/2014 1:00",97,96.45865631,3,11,1015,"cv",1.78,0,0,3,"3"
"3/30/2014 2:00",65,64.19525146,1,9,1015,"NW",1.79,0,0,2,"2"
"3/30/2014 3:00",63,62.76367569,1,10,1014,"cv",0.45,0,0,2,"2"
"3/30/2014 4:00",50,49.31803513,1,10,1014,"NW",1.79,0,0,2,"2"
"3/30/2014 5:00",48,47.51373291,0,8,1015,"NW",4.92,0,0,2,"2"
"3/30/2014 6:00",35,34.23540497,1,8,1015,"NW",6.71,0,0,1,"1"
"3/30/2014 7:00",41,40.51181793,1,10,1016,"NE",3.13,0,0,2,"2"
"3/30/2014 8:00",42,41.02619171,-1,15,1016,"NW",3.13,0,0,2,"2"
"3/30/2014 9:00",37,36.87922287,-4,18,1017,"NW",6.26,0,0,2,"2"
"3/30/2014 10:00",44,43.08629608,-4,20,1017,"NW",9.39,0,0,2,"2"
"3/30/2014 11:00",20,19.13394165,-7,21,1017,"NW",12.52,0,0,1,"1"
"3/30/2014 12:00",21,20.70200729,-9,24,1016,"cv",1.79,0,0,1,"1"
"3/30/2014 13:00",22,21.65465927,-10,25,1015,"cv",3.58,0,0,1,"1"
"3/30/2014 14:00",18,17.70804787,-11,26,1014,"cv",6.71,0,0,1,"1"
"3/30/2014 15:00",23,-12.77389431,-9,26,1013,"cv",8.5,0,0,1,"1"
"3/30/2014 16:00",24,23.01379395,-9,26,1013,"SE",3.13,0,0,1,"1"
"3/30/2014 17:00",12,11.37734985,-10,25,1013,"SE",4.92,0,0,1,"1"
"3/30/2014 18:00",15,14.88476276,-11,24,1014,"SE",8.94,0,0,1,"1"
"3/30/2014 19:00",18,17.86920547,-10,23,1014,"SE",12.07,0,0,1,"1"
"3/30/2014 20:00",20,19.27880096,-9,21,1015,"SE",16.09,0,0,1,"1"
"3/30/2014 21:00",20,19.65523529,-10,22,1016,"SE",20.11,0,0,1,"1"
"3/30/2014 22:00",18,17.95035934,-8,19,1016,"SE",21.9,0,0,1,"1"
"3/30/2014 23:00",74,73.73821259,-5,19,1016,"SE",25.03,0,0,2,"2"
"3/31/2014 0:00",51,50.78302765,-3,18,1016,"SE",28.16,0,0,2,"2"
"3/31/2014 1:00",92,91.57256317,-1,17,1016,"SE",31.29,0,0,3,"3"
"3/31/2014 2:00",106,105.8845215,-1,17,1015,"SE",35.31,0,0,3,"3"
"3/31/2014 3:00",150,149.4124298,-1,16,1015,"SE",37.1,0,0,3,"3"
"3/31/2014 4:00",168,167.0598602,-1,15,1015,"SE",40.23,0,0,4,"4"
"3/31/2014 5:00",159,158.9041443,1,15,1015,"SE",43.36,0,0,4,"4"
"3/31/2014 6:00",127,126.1656189,2,14,1016,"SE",45.15,0,0,3,"3"
"3/31/2014 7:00",130,129.4383545,3,14,1016,"SE",46.94,0,0,3,"3"
"3/31/2014 8:00",157,156.7167969,4,15,1017,"cv",0.89,0,0,4,"4"
"3/31/2014 9:00",190,189.3623199,4,16,1017,"cv",1.78,0,0,4,"4"
"3/31/2014 10:00",223,222.201767,5,17,1017,"cv",2.67,0,0,4,"4"
"3/31/2014 11:00",221,220.9633942,5,18,1017,"SE",1.79,0,0,4,"4"
"3/31/2014 12:00",259,258.6265869,5,18,1016,"SE",4.92,0,0,4,"4"
"3/31/2014 13:00",252,251.603302,5,20,1015,"SE",6.71,0,0,4,"4"
"3/31/2014 14:00",243,242.1996613,3,22,1015,"cv",0.89,0,0,4,"4"
"3/31/2014 15:00",235,234.1213379,2,22,1014,"cv",1.78,0,0,4,"4"
"3/31/2014 16:00",200,199.7074432,1,22,1013,"NW",4.02,0,0,4,"4"
"3/31/2014 17:00",144,143.7983856,0,21,1013,"NW",11.17,0,0,3,"3"
"3/31/2014 18:00",81,80.8008728,0,21,1013,"NW",15.19,0,0,3,"3"
"3/31/2014 19:00",93,92.03349304,7,17,1014,"SE",4.92,0,1,3,"3"
"3/31/2014 20:00",101,100.88414,7,16,1014,"SE",8.94,0,0,3,"3"
"3/31/2014 21:00",140,139.772171,8,14,1015,"SE",10.73,0,0,3,"3"
"3/31/2014 22:00",172,171.0418243,7,14,1015,"SE",13.86,0,0,4,"4"
"3/31/2014 23:00",174,173.055603,8,13,1015,"SE",16.99,0,0,4,"4"
"4/1/2014 0:00",198,197.5776825,7,12,1015,"cv",0.89,0,0,4,"4"
"4/1/2014 1:00",162,161.9245911,7,10,1015,"cv",1.78,0,0,4,"4"
"4/1/2014 2:00",164,163.822113,6,9,1015,"cv",2.23,0,0,4,"4"
"4/1/2014 3:00",185,184.9444275,6,9,1015,"cv",3.12,0,0,4,"4"
"4/1/2014 4:00",178,177.5357819,5,8,1014,"cv",3.57,0,0,4,"4"
"4/1/2014 5:00",169,168.5458527,5,7,1014,"cv",4.02,0,0,4,"4"
"4/1/2014 6:00",158,157.5853729,3,6,1015,"NW",0.89,0,0,4,"4"
"4/1/2014 7:00",206,205.8053741,6,8,1015,"NW",1.78,0,0,4,"4"
"4/1/2014 8:00",241,240.2644806,9,11,1015,"NW",3.57,0,0,4,"4"
"4/1/2014 9:00",249,248.4371796,7,15,1015,"NE",1.79,0,0,4,"4"
"4/1/2014 10:00",205,204.5648041,6,17,1014,"cv",1.79,0,0,4,"4"
"4/1/2014 11:00",210,209.3932495,5,20,1014,"cv",2.68,0,0,4,"4"
"4/1/2014 12:00",161,160.3363495,3,21,1013,"cv",3.57,0,0,4,"4"
"4/1/2014 13:00",128,127.3666763,0,23,1011,"SE",3.13,0,0,3,"3"
"4/1/2014 14:00",83,82.37719727,-4,24,1010,"cv",3.13,0,0,3,"3"
"4/1/2014 15:00",59,58.69881439,-5,24,1009,"SE",4.92,0,0,2,"2"
"4/1/2014 16:00",48,47.76328278,-6,24,1009,"SE",10.73,0,0,2,"2"
"4/1/2014 17:00",34,33.38444138,-6,24,1008,"SE",16.54,0,0,1,"1"
"4/1/2014 18:00",68,67.66773987,-5,22,1008,"SE",20.56,0,0,2,"2"
"4/1/2014 19:00",53,52.02968216,-4,22,1009,"SE",24.58,0,0,2,"2"
"4/1/2014 20:00",88,87.74861908,-2,19,1009,"SE",28.6,0,0,3,"3"
"4/1/2014 21:00",90,89.07801056,0,18,1010,"cv",0.89,0,0,3,"3"
"4/1/2014 22:00",102,101.9799271,3,15,1009,"cv",1.78,0,0,3,"3"
"4/1/2014 23:00",120,119.7074127,3,15,1010,"NE",0.89,0,0,3,"3"
"4/2/2014 0:00",108,107.0828018,3,15,1010,"cv",0.89,0,0,3,"3"
"4/2/2014 1:00",121,120.8222504,4,14,1010,"cv",1.78,0,0,3,"3"
"4/2/2014 2:00",102,101.8929672,4,13,1010,"SE",0.89,0,0,3,"3"
"4/2/2014 3:00",108,107.1162109,4,12,1010,"NE",1.79,0,0,3,"3"
"4/2/2014 4:00",118,117.6169968,3,10,1010,"cv",0.89,0,0,3,"3"
"4/2/2014 5:00",122,121.3748932,4,11,1010,"cv",1.78,0,0,3,"3"
"4/2/2014 6:00",98,97.6872406,3,9,1011,"NE",1.79,0,0,3,"3"
"4/2/2014 7:00",130,129.5526123,5,10,1012,"NE",2.68,0,0,3,"3"
"4/2/2014 8:00",138,137.3287964,5,15,1013,"NE",4.47,0,0,3,"3"
"4/2/2014 9:00",185,184.6255951,4,17,1014,"NE",6.26,0,0,4,"4"
"4/2/2014 10:00",174,173.8561707,-1,20,1014,"NE",11.18,0,0,4,"4"
"4/2/2014 11:00",139,138.7429504,0,22,1015,"NE",16.1,0,0,3,"3"
"4/2/2014 12:00",92,91.81505585,-2,23,1015,"NE",21.02,0,0,3,"3"
"4/2/2014 13:00",93,92.67048645,-2,23,1015,"NE",25.94,0,0,3,"3"
"4/2/2014 14:00",103,102.7939911,0,23,1014,"SE",3.13,0,0,3,"3"
"4/2/2014 15:00",102,101.7164993,-3,23,1014,"SE",8.94,0,0,3,"3"
"4/2/2014 16:00",110,109.1474686,-1,21,1015,"SE",16.09,0,0,3,"3"
"4/2/2014 17:00",127,126.5583038,0,20,1016,"SE",21.9,0,0,3,"3"
"4/2/2014 18:00",153,152.9186401,-1,18,1017,"SE",25.92,0,0,4,"4"
"4/2/2014 19:00",147,146.7379761,-1,16,1018,"SE",29.94,0,0,3,"3"
"4/2/2014 20:00",124,123.6001892,-2,15,1020,"SE",31.73,0,0,3,"3"
"4/2/2014 21:00",112,111.500679,0,14,1021,"SE",33.52,0,0,3,"3"
"4/2/2014 22:00",106,105.4825363,1,14,1022,"SE",36.65,0,0,3,"3"
"4/2/2014 23:00",67,66.95162964,-1,13,1022,"SE",40.67,0,0,2,"2"
"4/3/2014 0:00",91,90.1685257,-1,13,1023,"SE",44.69,0,0,3,"3"
"4/3/2014 1:00",88,87.07459259,-2,12,1023,"SE",47.82,0,0,3,"3"
"4/3/2014 2:00",72,71.16671753,-1,11,1024,"cv",0.89,0,0,2,"2"
"4/3/2014 3:00",97,96.88523865,-1,10,1024,"NE",3.13,0,0,3,"3"
"4/3/2014 4:00",66,65.80125427,-2,10,1025,"cv",0.89,0,0,2,"2"
"4/3/2014 5:00",26,-9.0436306,-16,11,1025,"NE",4.02,0,0,1,"1"
"4/3/2014 6:00",21,20.30473518,-16,7,1026,"NW",1.79,0,0,1,"1"
"4/3/2014 7:00",19,-16.47123528,-16,11,1026,"NW",5.81,0,0,1,"1"
"4/3/2014 8:00",25,-10.27257729,-16,14,1025,"NW",12.96,0,0,1,"1"
"4/3/2014 9:00",25,-10.21498871,-17,16,1025,"NW",21.9,0,0,1,"1"
"4/3/2014 10:00",16,-19.15975189,-19,18,1025,"NW",33.08,0,0,1,"1"
"4/3/2014 11:00",5,4.921957493,-20,19,1024,"NW",42.91,0,0,1,"1"
"4/3/2014 12:00",20,-15.5202198,-24,20,1023,"NW",50.96,0,0,1,"1"
"4/3/2014 13:00",25,-10.55012321,-27,20,1023,"NW",58.11,0,0,1,"1"
"4/3/2014 14:00",5,4.195795536,-28,19,1022,"NE",5.81,0,0,1,"1"
"4/3/2014 15:00",17,-18.44166946,-28,18,1022,"NE",12.96,0,0,1,"1"
"4/3/2014 16:00",13,-22.22488213,-29,17,1021,"NE",20.11,0,0,1,"1"
"4/3/2014 17:00",16,-19.84928322,-29,17,1021,"NE",24.13,0,0,1,"1"
"4/3/2014 18:00",11,-24.55349159,-30,16,1021,"NE",28.15,0,0,1,"1"
"4/3/2014 19:00",5,4.261126995,-28,14,1021,"SE",1.79,0,0,1,"1"
"4/3/2014 20:00",53,52.04413605,-21,12,1022,"SE",3.58,0,0,2,"2"
"4/3/2014 21:00",7,6.249744415,-18,11,1022,"SE",5.37,0,0,1,"1"
"4/3/2014 22:00",25,24.75819588,-20,11,1022,"cv",0.89,0,0,1,"1"
"4/3/2014 23:00",71,70.28278351,-9,10,1022,"SE",7.15,0,0,2,"2"
"4/4/2014 0:00",90,89.24793243,-8,8,1022,"SE",10.28,0,0,3,"3"
"4/4/2014 1:00",58,57.61857224,-9,8,1021,"SE",14.3,0,0,2,"2"
"4/4/2014 2:00",30,29.93686676,-9,7,1020,"SE",17.43,0,0,1,"1"
"4/4/2014 3:00",58,57.72587204,-8,7,1019,"SE",19.22,0,0,2,"2"
"4/4/2014 4:00",23,22.56411552,-6,6,1018,"SE",21.01,0,0,1,"1"
"4/4/2014 5:00",27,26.29416275,-4,5,1016,"SE",22.8,0,0,1,"1"
"4/4/2014 6:00",21,-14.92622757,-5,4,1015,"NE",1.79,0,0,1,"1"
"4/4/2014 7:00",26,25.93010902,-5,6,1015,"NE",3.58,0,0,1,"1"
"4/4/2014 8:00",27,26.74157906,-6,9,1014,"cv",0.89,0,0,1,"1"
"4/4/2014 9:00",52,51.69737244,-7,11,1014,"cv",2.68,0,0,2,"2"
"4/4/2014 10:00",35,34.79936218,-7,13,1013,"NW",1.79,0,0,1,"1"
"4/4/2014 11:00",31,30.88775444,-8,16,1012,"SE",1.79,0,0,1,"1"
"4/4/2014 12:00",82,81.00667572,-6,20,1011,"SE",3.58,0,0,3,"3"
"4/4/2014 13:00",36,35.33145905,-10,23,1009,"NE",3.13,0,0,2,"2"
"4/4/2014 14:00",32,-3.271364212,-12,25,1009,"NE",7.15,0,0,1,"1"
"4/4/2014 15:00",14,13.84022141,-12,25,1008,"NE",11.17,0,0,1,"1"
"4/4/2014 16:00",2,1.188085079,-17,25,1009,"NW",7.15,0,0,1,"1"
"4/4/2014 17:00",15,14.36894131,-15,22,1010,"NE",7.15,0,0,1,"1"
"4/4/2014 18:00",28,-7.477031708,-21,20,1012,"NE",14.3,0,0,1,"1"
"4/4/2014 19:00",33,-2.585422039,-18,18,1014,"NE",21.45,0,0,1,"1"
"4/4/2014 20:00",12,11.92636299,-19,17,1017,"NE",26.37,0,0,1,"1"
"4/4/2014 21:00",22,21.3567009,-18,14,1018,"NE",28.16,0,0,1,"1"
"4/4/2014 22:00",75,74.63299561,-7,12,1020,"SE",4.02,0,0,2,"2"
"4/4/2014 23:00",80,79.91291809,-6,12,1021,"SE",8.04,0,0,3,"3"
"4/5/2014 0:00",41,40.08478165,-7,11,1022,"cv",1.79,0,0,2,"2"
"4/5/2014 1:00",74,73.89745331,-6,9,1022,"SE",4.02,0,0,2,"2"
"4/5/2014 2:00",47,46.32501602,-5,8,1023,"SE",5.81,0,0,2,"2"
"4/5/2014 3:00",48,47.58449936,-5,8,1023,"cv",0.89,0,0,2,"2"
"4/5/2014 4:00",35,34.51903915,-5,7,1023,"cv",1.78,0,0,1,"1"
"4/5/2014 5:00",5,4.52098608,-5,4,1024,"cv",2.67,0,0,1,"1"
"4/5/2014 6:00",3,2.409190655,-6,5,1024,"cv",3.56,0,0,1,"1"
"4/5/2014 7:00",31,-4.032104969,-5,8,1025,"cv",4.45,0,0,1,"1"
"4/5/2014 8:00",19,18.18216324,-9,13,1025,"NW",1.79,0,0,1,"1"
"4/5/2014 9:00",10,-25.75919151,-16,14,1025,"NW",6.71,0,0,1,"1"
"4/5/2014 10:00",4,-66.50148773,-18,15,1025,"NW",11.63,0,0,1,"1"
"4/5/2014 11:00",2,-33.47793198,-18,16,1024,"NW",16.55,0,0,1,"1"
"4/5/2014 12:00",10,-25.5817852,-18,16,1023,"NW",21.47,0,0,1,"1"
"4/5/2014 13:00",5,-30.03120041,-17,18,1022,"cv",1.79,0,0,1,"1"
"4/5/2014 14:00",34,-1.712854385,-18,18,1021,"NE",3.13,0,0,1,"1"
"4/5/2014 15:00",20,-15.9899025,-16,19,1020,"cv",3.13,0,0,1,"1"
"4/5/2014 16:00",30,-5.861685753,-18,19,1019,"SE",3.13,0,0,1,"1"
"4/5/2014 17:00",2,1.147676706,-16,19,1018,"SE",7.15,0,0,1,"1"
"4/5/2014 18:00",6,5.723324776,-16,18,1018,"SE",10.28,0,0,1,"1"
"4/5/2014 19:00",42,41.29647064,-12,17,1019,"SE",15.2,0,0,2,"2"
"4/5/2014 20:00",33,32.55852509,-9,16,1020,"SE",20.12,0,0,1,"1"
"4/5/2014 21:00",55,54.38530731,-8,15,1020,"SE",24.14,0,0,2,"2"
"4/5/2014 22:00",39,38.79690933,-7,15,1020,"SE",27.27,0,0,2,"2"
"4/5/2014 23:00",87,86.55004883,-5,11,1021,"cv",0.45,0,0,3,"3"
"4/6/2014 0:00",63,62.85665894,-4,9,1021,"cv",0.9,0,0,2,"2"
"4/6/2014 1:00",72,71.62759399,-2,8,1021,"SE",0.89,0,0,2,"2"
"4/6/2014 2:00",59,58.01510239,-5,5,1020,"NW",1.79,0,0,2,"2"
"4/6/2014 3:00",73,72.00822449,-2,5,1020,"cv",0.89,0,0,2,"2"
"4/6/2014 4:00",70,69.49531555,-3,3,1020,"NW",1.79,0,0,2,"2"
"4/6/2014 5:00",39,38.61309814,-2,4,1020,"cv",0.89,0,0,2,"2"
"4/6/2014 6:00",31,30.4485054,-3,3,1021,"SE",0.89,0,0,1,"1"
"4/6/2014 7:00",74,73.31195068,-1,7,1021,"NE",0.89,0,0,2,"2"
"4/6/2014 8:00",56,55.31966782,-7,11,1021,"cv",0.89,0,0,2,"2"
"4/6/2014 9:00",82,81.19638062,-10,15,1021,"NW",1.79,0,0,3,"3"
"4/6/2014 10:00",37,36.36315155,-13,18,1020,"cv",0.89,0,0,2,"2"
"4/6/2014 11:00",44,43.91887283,-14,21,1019,"cv",4.02,0,0,2,"2"
"4/6/2014 12:00",26,-9.310022354,-18,23,1018,"SE",4.02,0,0,1,"1"
"4/6/2014 13:00",33,32.09588242,-16,24,1017,"SE",9.83,0,0,1,"1"
"4/6/2014 14:00",19,18.05940056,-15,25,1015,"SE",15.64,0,0,1,"1"
"4/6/2014 15:00",22,21.34916687,-15,25,1014,"SE",21.45,0,0,1,"1"
"4/6/2014 16:00",19,18.26067924,-15,25,1013,"SE",27.26,0,0,1,"1"
"4/6/2014 17:00",55,54.66904831,-12,24,1013,"SE",34.41,0,0,2,"2"
"4/6/2014 18:00",60,59.6963768,-11,22,1013,"SE",40.22,0,0,2,"2"
"4/6/2014 19:00",56,55.53826523,-8,21,1013,"SE",44.24,0,0,2,"2"
"4/6/2014 20:00",47,46.48726654,-10,20,1014,"SE",49.16,0,0,2,"2"
"4/6/2014 21:00",67,66.15539551,-7,20,1014,"SE",54.97,0,0,2,"2"
"4/6/2014 22:00",83,82.41647339,-5,19,1014,"SE",60.78,0,0,3,"3"
"4/6/2014 23:00",63,62.55141449,-5,18,1014,"SE",64.8,0,0,2,"2"
"4/7/2014 0:00",66,65.88284302,-3,14,1014,"cv",0.89,0,0,2,"2"
"4/7/2014 1:00",73,72.03866577,-2,12,1014,"SE",0.89,0,0,2,"2"
"4/7/2014 2:00",58,57.73793411,-2,11,1014,"SE",2.68,0,0,2,"2"
"4/7/2014 3:00",86,85.61240387,-2,11,1013,"cv",0.89,0,0,3,"3"
"4/7/2014 4:00",52,51.60327148,-2,8,1014,"NE",0.89,0,0,2,"2"
"4/7/2014 5:00",80,79.58032227,0,8,1014,"NE",1.78,0,0,3,"3"
"4/7/2014 6:00",73,72.37410736,0,8,1014,"NE",2.67,0,0,2,"2"
"4/7/2014 7:00",93,92.42554474,1,10,1014,"SE",1.79,0,0,3,"3"
"4/7/2014 8:00",88,87.46990204,1,13,1014,"cv",0.89,0,0,3,"3"
"4/7/2014 9:00",115,114.2947845,1,16,1015,"cv",1.78,0,0,3,"3"
"4/7/2014 10:00",93,92.81421661,0,18,1015,"cv",2.67,0,0,3,"3"
"4/7/2014 11:00",121,120.9332428,-1,20,1014,"cv",3.56,0,0,3,"3"
"4/7/2014 12:00",110,109.0781326,-1,21,1013,"SE",1.79,0,0,3,"3"
"4/7/2014 13:00",115,114.7017212,-3,23,1013,"cv",0.89,0,0,3,"3"
"4/7/2014 14:00",102,101.1770782,-3,24,1012,"cv",4.02,0,0,3,"3"
"4/7/2014 15:00",87,86.4853363,-5,25,1011,"SE",3.13,0,0,3,"3"
"4/7/2014 16:00",89,88.48919678,-5,25,1011,"SE",7.15,0,0,3,"3"
"4/7/2014 17:00",99,98.57611084,-4,24,1011,"SE",11.17,0,0,3,"3"
"4/7/2014 18:00",102,101.0179443,-4,22,1011,"SE",14.3,0,0,3,"3"
"4/7/2014 19:00",98,97.28113556,-2,19,1011,"SE",16.09,0,0,3,"3"
"4/7/2014 20:00",125,124.5561142,1,17,1012,"SE",17.88,0,0,3,"3"
"4/7/2014 21:00",115,114.4810867,1,16,1013,"cv",0.89,0,0,3,"3"
"4/7/2014 22:00",149,148.8035126,2,14,1013,"NE",0.89,0,0,3,"3"
"4/7/2014 23:00",161,160.1768951,2,16,1014,"SE",3.13,0,0,4,"4"
"4/8/2014 0:00",149,148.2853394,3,14,1014,"SE",6.26,0,0,3,"3"
"4/8/2014 1:00",180,179.7608032,4,13,1014,"SE",8.05,0,0,4,"4"
"4/8/2014 2:00",171,170.2407532,4,12,1015,"SE",8.94,0,0,4,"4"
"4/8/2014 3:00",194,193.6848297,3,10,1015,"NE",0.89,0,0,4,"4"
"4/8/2014 4:00",182,181.7704773,4,10,1015,"cv",0.45,0,0,4,"4"
"4/8/2014 5:00",166,165.1309357,4,8,1015,"NE",0.89,0,0,4,"4"
"4/8/2014 6:00",174,173.905899,4,8,1015,"SE",0.89,0,0,4,"4"
"4/8/2014 7:00",149,148.0618286,4,9,1016,"NE",0.89,0,0,3,"3"
"4/8/2014 8:00",178,177.8495789,4,13,1016,"cv",0.89,0,0,4,"4"
"4/8/2014 9:00",187,186.7534485,4,16,1016,"cv",1.78,0,0,4,"4"
"4/8/2014 10:00",173,172.981308,3,18,1016,"cv",2.67,0,0,4,"4"
"4/8/2014 11:00",189,188.1749878,4,20,1015,"SE",1.79,0,0,4,"4"
"4/8/2014 12:00",194,193.4887085,4,22,1014,"cv",3.13,0,0,4,"4"
"4/8/2014 13:00",186,185.19487,3,23,1013,"SE",3.13,0,0,4,"4"
"4/8/2014 14:00",156,155.5341797,0,25,1012,"SE",7.15,0,0,4,"4"
"4/8/2014 15:00",126,125.0155716,-2,25,1011,"SE",11.17,0,0,3,"3"
"4/8/2014 16:00",143,142.1602936,-1,25,1010,"SE",16.09,0,0,3,"3"
"4/8/2014 17:00",151,150.8334045,0,25,1010,"SE",21.01,0,0,4,"4"
"4/8/2014 18:00",128,127.9212646,-1,23,1010,"SE",25.03,0,0,3,"3"
"4/8/2014 19:00",153,152.1490479,2,21,1010,"SE",28.16,0,0,4,"4"
"4/8/2014 20:00",134,133.5334473,3,21,1011,"SE",29.95,0,0,3,"3"
"4/8/2014 21:00",152,151.0601044,3,20,1011,"SE",31.74,0,0,4,"4"
"4/8/2014 22:00",137,136.7169189,3,19,1011,"SE",34.87,0,0,3,"3"
"4/8/2014 23:00",137,136.7464447,4,18,1011,"SE",38,0,0,3,"3"
"4/9/2014 0:00",139,138.0037079,4,18,1010,"SE",42.02,0,0,3,"3"
"4/9/2014 1:00",140,139.7827606,5,17,1010,"SE",45.15,0,0,3,"3"
"4/9/2014 2:00",152,151.9195404,6,16,1010,"SE",48.28,0,0,4,"4"
"4/9/2014 3:00",151,150.2341614,7,16,1009,"SE",50.07,0,0,4,"4"
"4/9/2014 4:00",154,153.4479218,7,15,1009,"SE",51.86,0,0,4,"4"
"4/9/2014 5:00",152,151.9919128,7,14,1009,"SE",53.65,0,0,4,"4"
"4/9/2014 6:00",151,150.146637,7,13,1010,"cv",0.89,0,0,4,"4"
"4/9/2014 7:00",155,154.2685699,8,14,1010,"cv",1.78,0,0,4,"4"
"4/9/2014 8:00",208,207.6076202,9,16,1010,"cv",2.67,0,0,4,"4"
"4/9/2014 9:00",207,206.3125763,8,19,1010,"NE",1.79,0,0,4,"4"
"4/9/2014 10:00",176,175.5235443,7,22,1009,"SE",3.13,0,0,4,"4"
"4/9/2014 11:00",147,146.8136444,2,26,1009,"SE",7.15,0,0,3,"3"
"4/9/2014 12:00",87,86.17166138,-7,28,1008,"NW",4.92,0,0,3,"3"
"4/9/2014 13:00",48,47.29821777,-9,30,1008,"NW",12.07,0,0,2,"2"
"4/9/2014 14:00",41,40.03120804,-6,30,1008,"NE",4.92,0,0,2,"2"
"4/9/2014 15:00",48,47.7040596,-7,29,1008,"NE",12.07,0,0,2,"2"
"4/9/2014 16:00",58,57.66806412,-8,28,1009,"NE",19.22,0,0,2,"2"
"4/9/2014 17:00",70,69.39385986,-8,27,1010,"NE",26.37,0,0,2,"2"
"4/9/2014 18:00",100,99.06604767,-8,26,1011,"NE",30.39,0,0,3,"3"
"4/9/2014 19:00",140,139.7521667,-1,24,1013,"SE",7.15,0,0,3,"3"
"4/9/2014 20:00",140,139.4249268,-3,22,1015,"SE",12.96,0,0,3,"3"
"4/9/2014 21:00",454,453.9821167,-6,21,1016,"SE",17.88,0,0,4,"4"
"4/9/2014 22:00",297,296.2657471,-4,19,1018,"SE",19.67,0,0,4,"4"
"4/9/2014 23:00",228,227.5390472,-5,19,1019,"SE",24.59,0,0,4,"4"
"4/10/2014 0:00",151,150.6009369,1,16,1020,"SE",27.72,0,0,4,"4"
"4/10/2014 1:00",208,207.8256683,1,15,1021,"SE",30.85,0,0,4,"4"
"4/10/2014 2:00",147,146.6747131,1,14,1021,"SE",32.64,0,0,3,"3"
"4/10/2014 3:00",160,159.8473053,1,14,1021,"cv",0.89,0,0,4,"4"
"4/10/2014 4:00",123,122.0531769,1,14,1022,"SE",1.79,0,0,3,"3"
"4/10/2014 5:00",135,134.6983795,2,13,1021,"SE",2.68,0,0,3,"3"
"4/10/2014 6:00",88,87.49442291,1,14,1022,"SE",6.7,0,0,3,"3"
"4/10/2014 7:00",87,86.02307892,0,14,1023,"SE",10.72,0,0,3,"3"
"4/10/2014 8:00",133,132.8425598,0,15,1023,"SE",12.51,0,0,3,"3"
"4/10/2014 9:00",49,48.39513397,-2,16,1024,"SE",15.64,0,0,2,"2"
"4/10/2014 10:00",95,94.20267487,-3,17,1024,"SE",18.77,0,0,3,"3"
"4/10/2014 11:00",107,106.8074112,-3,17,1024,"SE",20.56,0,0,3,"3"
"4/10/2014 12:00",99,98.49489594,-4,17,1023,"SE",22.35,0,0,3,"3"
"4/10/2014 13:00",69,68.08355713,-4,18,1023,"SE",25.48,0,0,2,"2"
"4/10/2014 14:00",118,117.86306,-5,18,1022,"cv",3.13,0,0,3,"3"
"4/10/2014 15:00",37,36.25005722,-7,18,1021,"SE",3.13,0,0,2,"2"
"4/10/2014 16:00",13,12.52552986,-9,18,1020,"SE",6.26,0,0,1,"1"
"4/10/2014 17:00",119,118.9115829,-8,17,1020,"SE",9.39,0,0,3,"3"
"4/10/2014 18:00",19,-16.71500397,-7,17,1020,"SE",12.52,0,0,1,"1"
"4/10/2014 19:00",98,97.81393433,-6,15,1020,"SE",13.41,0,0,3,"3"
"4/10/2014 20:00",92,91.50046539,-1,14,1020,"cv",0.89,0,0,3,"3"
"4/10/2014 21:00",71,70.81086731,-2,15,1021,"cv",1.78,0,0,2,"2"
"4/10/2014 22:00",114,113.0813065,0,14,1021,"cv",2.67,0,0,3,"3"
"4/10/2014 23:00",81,80.44554138,-3,15,1021,"SE",1.79,0,1,3,"3"
"4/11/2014 0:00",90,89.23078156,-1,14,1021,"SE",3.58,0,2,3,"3"
"4/11/2014 1:00",67,66.19824219,-2,14,1020,"SE",5.37,0,3,2,"2"
"4/11/2014 2:00",62,61.9900589,-3,14,1020,"SE",8.5,0,0,2,"2"
"4/11/2014 3:00",65,64.51405334,-2,13,1021,"SE",10.29,0,0,2,"2"
"4/11/2014 4:00",81,80.97848511,-1,13,1020,"SE",12.08,0,0,3,"3"
"4/11/2014 5:00",53,52.64797211,-3,13,1020,"SE",15.21,0,0,2,"2"
"4/11/2014 6:00",54,53.24178696,-4,13,1020,"SE",18.34,0,0,2,"2"
"4/11/2014 7:00",63,62.45383453,-4,13,1020,"cv",0.89,0,0,2,"2"
"4/11/2014 8:00",74,73.33797455,-1,13,1021,"NE",1.79,0,0,2,"2"
"4/11/2014 9:00",76,75.89067841,-1,13,1021,"NE",3.58,0,0,3,"3"
"4/11/2014 10:00",58,57.96700287,-1,14,1021,"cv",0.89,0,0,2,"2"
"4/11/2014 11:00",47,46.70941162,-2,14,1021,"cv",1.78,0,0,2,"2"
"4/11/2014 12:00",53,52.6733017,-4,16,1020,"SE",1.79,0,0,2,"2"
"4/11/2014 13:00",11,10.1288929,-5,17,1019,"NW",1.79,0,0,1,"1"
"4/11/2014 14:00",30,29.84506607,-5,17,1018,"cv",1.79,0,0,1,"1"
"4/11/2014 15:00",29,-6.401786804,-6,18,1017,"SE",3.13,0,0,1,"1"
"4/11/2014 16:00",35,34.02496719,-6,17,1017,"SE",4.92,0,0,1,"1"
"4/11/2014 17:00",28,27.19447899,-6,17,1016,"SE",8.05,0,0,1,"1"
"4/11/2014 18:00",30,29.52414894,-6,16,1016,"SE",9.84,0,0,1,"1"
"4/11/2014 19:00",62,61.05228806,-5,15,1016,"SE",11.63,0,0,2,"2"
"4/11/2014 20:00",52,51.45190811,-4,14,1017,"SE",13.42,0,0,2,"2"
"4/11/2014 21:00",89,88.28894043,-3,13,1017,"SE",15.21,0,0,3,"3"
"4/11/2014 22:00",85,84.48243713,-3,13,1018,"SE",17,0,0,3,"3"
"4/11/2014 23:00",100,99.96609497,-2,13,1018,"SE",18.79,0,0,3,"3"
"4/12/2014 0:00",106,105.3558578,-2,12,1017,"SE",20.58,0,0,3,"3"
"4/12/2014 1:00",86,85.06226349,-1,10,1017,"cv",0.89,0,0,3,"3"
"4/12/2014 2:00",81,80.72989655,0,8,1017,"cv",1.78,0,0,3,"3"
"4/12/2014 3:00",83,82.00367737,-1,8,1017,"NE",0.89,0,0,3,"3"
"4/12/2014 4:00",80,79.75341034,-1,7,1016,"NE",1.78,0,0,3,"3"
"4/12/2014 5:00",112,111.7079239,1,7,1016,"cv",0.45,0,0,3,"3"
"4/12/2014 6:00",104,103.6369171,0,6,1017,"NW",0.89,0,0,3,"3"
"4/12/2014 7:00",139,138.693985,2,9,1017,"NE",0.89,0,0,3,"3"
"4/12/2014 8:00",139,138.3412018,-1,12,1017,"NE",2.68,0,0,3,"3"
"4/12/2014 9:00",129,128.2627869,-2,15,1017,"NW",1.79,0,0,3,"3"
"4/12/2014 10:00",158,157.0108032,-3,17,1018,"cv",0.89,0,0,4,"4"
"4/12/2014 11:00",133,132.6550598,-4,19,1017,"cv",2.68,0,0,3,"3"
"4/12/2014 12:00",160,159.3124084,-4,20,1016,"SE",3.13,0,0,4,"4"
"4/12/2014 13:00",97,96.44006348,-7,21,1015,"SE",7.15,0,0,3,"3"
"4/12/2014 14:00",79,78.62762451,-6,21,1015,"SE",11.17,0,0,3,"3"
"4/12/2014 15:00",61,60.03250122,-6,21,1014,"SE",14.3,0,0,2,"2"
"4/12/2014 16:00",62,61.70554352,-5,21,1013,"SE",18.32,0,0,2,"2"
"4/12/2014 17:00",75,74.39499664,-5,21,1014,"SE",22.34,0,0,2,"2"
"4/12/2014 18:00",95,94.17663574,-4,20,1014,"cv",0.89,0,0,3,"3"
"4/12/2014 19:00",104,103.9683609,-2,18,1014,"SE",3.13,0,0,3,"3"
"4/12/2014 20:00",105,104.8030472,-2,17,1015,"SE",6.26,0,0,3,"3"
"4/12/2014 21:00",106,105.143631,-2,16,1016,"SE",9.39,0,0,3,"3"
"4/12/2014 22:00",100,99.78749084,-2,15,1016,"SE",12.52,0,0,3,"3"
"4/12/2014 23:00",127,126.8184967,0,13,1017,"SE",14.31,0,0,3,"3"
"4/13/2014 0:00",134,133.0247803,1,12,1017,"SE",16.1,0,0,3,"3"
"4/13/2014 1:00",126,125.4397812,1,12,1017,"SE",17.89,0,0,3,"3"
"4/13/2014 2:00",118,117.2572021,2,11,1017,"cv",0.89,0,0,3,"3"
"4/13/2014 3:00",135,134.1297607,2,10,1017,"cv",1.78,0,0,3,"3"
"4/13/2014 4:00",129,128.8086853,2,9,1017,"NE",1.79,0,0,3,"3"
"4/13/2014 5:00",110,109.2384262,1,8,1017,"NE",2.68,0,0,3,"3"
"4/13/2014 6:00",136,135.318161,2,8,1017,"SE",0.89,0,0,3,"3"
"4/13/2014 7:00",113,112.1888885,4,9,1018,"NE",0.89,0,0,3,"3"
"4/13/2014 8:00",165,164.4524384,5,12,1019,"SE",1.79,0,0,4,"4"
"4/13/2014 9:00",141,140.4179382,5,15,1019,"cv",0.89,0,0,3,"3"
"4/13/2014 10:00",168,167.6892853,5,17,1019,"cv",1.78,0,0,4,"4"
"4/13/2014 11:00",183,182.9309692,4,19,1019,"SE",1.79,0,0,4,"4"
"4/13/2014 12:00",179,178.117691,3,21,1018,"SE",5.81,0,0,4,"4"
"4/13/2014 13:00",168,167.5415649,2,22,1017,"SE",9.83,0,0,4,"4"
"4/13/2014 14:00",140,139.1113434,2,23,1016,"SE",13.85,0,0,3,"3"
"4/13/2014 15:00",140,139.0562134,2,24,1015,"SE",17.87,0,0,3,"3"
"4/13/2014 16:00",140,139.0419464,2,24,1015,"SE",21.89,0,0,3,"3"
"4/13/2014 17:00",146,145.2515411,3,23,1014,"SE",25.91,0,0,3,"3"
"4/13/2014 18:00",150,149.6091461,4,22,1015,"SE",29.04,0,0,3,"3"
"4/13/2014 19:00",147,146.9640808,4,20,1015,"SE",30.83,0,0,3,"3"
"4/13/2014 20:00",153,152.9551239,5,19,1016,"SE",33.96,0,0,4,"4"
"4/13/2014 21:00",123,122.0143661,5,18,1017,"SE",37.98,0,0,3,"3"
"4/13/2014 22:00",163,162.2081299,7,16,1017,"SE",39.77,0,0,4,"4"
"4/13/2014 23:00",178,177.0038605,7,16,1017,"SE",41.56,0,0,4,"4"
"4/14/2014 0:00",216,215.6846771,8,15,1017,"SE",43.35,0,0,4,"4"
"4/14/2014 1:00",245,244.0930176,7,14,1017,"SE",45.14,0,0,4,"4"
"4/14/2014 2:00",242,241.5024872,7,13,1017,"cv",0.89,0,0,4,"4"
"4/14/2014 3:00",256,255.9164581,7,13,1017,"SE",1.79,0,0,4,"4"
"4/14/2014 4:00",259,258.3637695,7,11,1017,"NE",0.89,0,0,4,"4"
"4/14/2014 5:00",260,259.6579895,7,11,1017,"NE",1.78,0,0,4,"4"
"4/14/2014 6:00",241,240.1674042,6,10,1018,"SE",0.89,0,0,4,"4"
"4/14/2014 7:00",247,246.0166626,7,12,1018,"cv",0.89,0,0,4,"4"
"4/14/2014 8:00",235,234.3842468,7,14,1018,"SE",1.79,0,0,4,"4"
"4/14/2014 9:00",246,245.7606506,8,16,1018,"cv",0.89,0,0,4,"4"
"4/14/2014 10:00",260,259.1427917,8,18,1018,"cv",1.78,0,0,4,"4"
"4/14/2014 11:00",282,281.3959351,9,20,1018,"SE",1.79,0,0,4,"4"
"4/14/2014 12:00",286,285.2476196,9,22,1017,"SE",3.58,0,0,4,"4"
"4/14/2014 13:00",269,268.8174133,8,24,1016,"SE",7.6,0,0,4,"4"
"4/14/2014 14:00",260,259.9135132,8,25,1015,"cv",3.13,0,0,4,"4"
"4/14/2014 15:00",240,239.4945068,8,25,1014,"SE",4.02,0,0,4,"4"
"4/14/2014 16:00",231,230.3934326,9,26,1013,"SE",7.15,0,0,4,"4"
"4/14/2014 17:00",222,221.2347412,9,25,1013,"SE",10.28,0,0,4,"4"
"4/14/2014 18:00",237,236.0156708,10,24,1013,"SE",14.3,0,0,4,"4"
"4/14/2014 19:00",227,226.1065979,10,24,1013,"SE",17.43,0,0,4,"4"
"4/14/2014 20:00",249,248.5723572,10,22,1014,"SE",19.22,0,0,4,"4"
"4/14/2014 21:00",255,254.7202301,11,20,1014,"SE",21.01,0,0,4,"4"
"4/14/2014 22:00",260,259.0235596,10,19,1015,"SE",24.14,0,0,4,"4"
"4/14/2014 23:00",189,188.2112274,7,20,1015,"SE",27.27,0,0,4,"4"
"4/15/2014 0:00",114,113.283989,8,17,1016,"cv",0.89,0,0,3,"3"
"4/15/2014 1:00",70,69.70838165,8,16,1016,"SE",3.13,0,0,2,"2"
"4/15/2014 2:00",45,44.33415985,7,18,1016,"SE",4.92,0,0,2,"2"
"4/15/2014 3:00",74,73.27964783,7,16,1016,"SE",8.05,0,0,2,"2"
"4/15/2014 4:00",79,78.42768097,8,15,1017,"SE",9.84,0,0,3,"3"
"4/15/2014 5:00",89,88.72908783,8,17,1017,"SE",12.97,0,0,3,"3"
"4/15/2014 6:00",83,82.00809479,8,15,1018,"SE",14.76,0,0,3,"3"
"4/15/2014 7:00",98,97.26520538,9,15,1019,"cv",0.89,0,0,3,"3"
"4/15/2014 8:00",102,101.1607285,9,18,1020,"SE",1.79,0,0,3,"3"
"4/15/2014 9:00",144,143.8498688,9,20,1021,"SE",5.81,0,0,3,"3"
"4/15/2014 10:00",123,122.3148499,7,21,1021,"SE",9.83,0,0,3,"3"
"4/15/2014 11:00",135,134.3538971,9,23,1021,"SE",14.75,0,0,3,"3"
"4/15/2014 12:00",133,132.638382,10,22,1020,"SE",21.9,0,0,3,"3"
"4/15/2014 13:00",65,64.79719543,1,21,1020,"SE",27.71,0,0,2,"2"
"4/15/2014 14:00",73,72.49127197,-2,20,1019,"SE",33.52,0,0,2,"2"
"4/15/2014 15:00",30,29.59274101,-4,20,1019,"SE",39.33,0,0,1,"1"
"4/15/2014 16:00",26,25.84490013,-3,21,1018,"SE",44.25,0,0,1,"1"
"4/15/2014 17:00",12,11.15018654,-2,20,1018,"SE",48.27,0,0,1,"1"
"4/15/2014 18:00",32,31.44326973,-3,18,1018,"SE",51.4,0,0,1,"1"
"4/15/2014 19:00",13,12.96248817,-5,18,1018,"SE",54.53,0,0,1,"1"
"4/15/2014 20:00",25,24.88380241,-6,17,1019,"SE",58.55,0,0,1,"1"
"4/15/2014 21:00",55,54.97258759,-5,16,1019,"SE",61.68,0,0,2,"2"
"4/15/2014 22:00",62,61.56520462,-5,16,1019,"SE",64.81,0,0,2,"2"
"4/15/2014 23:00",64,63.2543869,-2,15,1019,"cv",0.89,0,0,2,"2"
"4/16/2014 0:00",65,64.31886292,-1,14,1018,"SE",0.89,0,0,2,"2"
"4/16/2014 1:00",68,67.61539459,0,14,1018,"NE",0.89,0,0,2,"2"
"4/16/2014 2:00",32,31.72195625,0,13,1017,"cv",0.89,0,0,1,"1"
"4/16/2014 3:00",68,67.75789642,-2,14,1017,"cv",1.78,0,0,2,"2"
"4/16/2014 4:00",62,61.81817245,-1,13,1016,"cv",2.23,0,0,2,"2"
"4/16/2014 5:00",84,83.43936157,2,13,1016,"SE",0.89,0,0,3,"3"
"4/16/2014 6:00",27,26.64434433,1,12,1015,"cv",0.89,0,0,1,"1"
"4/16/2014 7:00",48,47.06086349,2,13,1016,"cv",1.78,0,0,2,"2"
"4/16/2014 8:00",53,52.63460922,2,15,1016,"SE",0.89,0,0,2,"2"
"4/16/2014 9:00",62,61.35592651,0,16,1016,"SE",1.78,0,0,2,"2"
"4/16/2014 10:00",36,35.60223389,-6,18,1016,"cv",0.89,0,0,2,"2"
"4/16/2014 11:00",15,14.33884239,-9,18,1015,"SE",1.79,0,0,1,"1"
"4/16/2014 12:00",54,53.96809769,-6,19,1014,"cv",0.89,0,0,2,"2"
"4/16/2014 13:00",27,26.44742775,-8,21,1014,"cv",1.78,0,0,1,"1"
"4/16/2014 14:00",69,68.36961365,-7,21,1013,"cv",3.57,0,0,2,"2"
"4/16/2014 15:00",76,75.40518951,-7,21,1012,"cv",4.46,0,0,3,"3"
"4/16/2014 16:00",59,58.30064774,-9,20,1011,"SE",1.79,0,0,2,"2"
"4/16/2014 17:00",82,81.64616394,-5,20,1011,"SE",3.58,0,0,3,"3"
"4/16/2014 18:00",65,64.20269775,-7,20,1011,"SE",5.37,0,0,2,"2"
"4/16/2014 19:00",71,70.77542877,-6,19,1010,"SE",6.26,0,0,2,"2"
"4/16/2014 20:00",87,86.86605835,-6,18,1011,"SE",7.15,0,0,3,"3"
"4/16/2014 21:00",110,109.2770233,-4,16,1011,"SE",8.94,0,0,3,"3"
"4/16/2014 22:00",110,109.6654434,-2,15,1011,"cv",0.89,0,0,3,"3"
"4/16/2014 23:00",114,113.6507111,-2,16,1011,"cv",1.78,0,0,3,"3"
"4/17/2014 0:00",110,109.5459061,-2,15,1011,"SE",0.89,0,0,3,"3"
"4/17/2014 1:00",153,152.8059998,1,15,1010,"SE",2.68,0,0,4,"4"
"4/17/2014 2:00",98,97.47182465,-1,15,1010,"SE",4.47,0,0,3,"3"
"4/17/2014 3:00",125,124.7913055,0,15,1010,"SE",6.26,0,0,3,"3"
"4/17/2014 4:00",124,123.5593033,0,14,1010,"SE",8.05,0,1,3,"3"
"4/17/2014 5:00",152,151.4699249,4,12,1011,"cv",0.89,0,2,4,"4"
"4/17/2014 6:00",149,148.2223663,6,11,1011,"cv",1.78,0,3,3,"3"
"4/17/2014 7:00",121,120.0113297,7,11,1012,"NE",1.79,0,4,3,"3"
"4/17/2014 8:00",122,121.6755066,7,11,1013,"cv",0.89,0,5,3,"3"
"4/17/2014 9:00",141,140.2939758,7,12,1013,"NE",3.13,0,6,3,"3"
"4/17/2014 10:00",115,114.978775,8,12,1014,"NW",3.13,0,7,3,"3"
"4/17/2014 11:00",126,125.6868668,8,12,1014,"NW",6.26,0,0,3,"3"
"4/17/2014 12:00",103,102.6181641,8,13,1014,"NW",9.39,0,0,3,"3"
"4/17/2014 13:00",111,110.6440659,8,15,1013,"NE",3.13,0,0,3,"3"
"4/17/2014 14:00",100,99.45305634,7,17,1012,"cv",1.79,0,0,3,"3"
"4/17/2014 15:00",85,84.85514069,9,17,1012,"NW",1.79,0,0,3,"3"
"4/17/2014 16:00",104,103.8756866,9,17,1012,"SE",3.13,0,0,3,"3"
"4/17/2014 17:00",107,106.3596573,9,17,1012,"SE",4.92,0,0,3,"3"
"4/17/2014 18:00",135,134.3659821,10,16,1013,"SE",6.71,0,0,3,"3"
"4/17/2014 19:00",153,152.1669159,10,16,1013,"SE",8.5,0,0,4,"4"
"4/17/2014 20:00",122,121.4199066,10,16,1014,"SE",10.29,0,0,3,"3"
"4/17/2014 21:00",133,132.7701874,10,16,1015,"SE",12.08,0,0,3,"3"
"4/17/2014 22:00",140,139.1274872,10,15,1016,"SE",15.21,0,0,3,"3"
"4/17/2014 23:00",146,145.8216553,10,15,1017,"SE",17,0,0,3,"3"
"4/18/2014 0:00",137,136.625885,10,14,1017,"SE",18.79,0,0,3,"3"
"4/18/2014 1:00",142,141.8781738,11,14,1017,"SE",20.58,0,0,3,"3"
"4/18/2014 2:00",138,137.952774,11,13,1017,"SE",21.47,0,0,3,"3"
"4/18/2014 3:00",142,141.0252838,11,13,1017,"SE",23.26,0,0,3,"3"
"4/18/2014 4:00",143,142.8010864,11,13,1017,"cv",0.89,0,0,3,"3"
"4/18/2014 5:00",136,135.6677551,11,13,1018,"NE",0.89,0,0,3,"3"
"4/18/2014 6:00",127,126.1307831,11,12,1019,"NE",1.78,0,0,3,"3"
"4/18/2014 7:00",134,133.9551392,12,13,1019,"cv",0.89,0,0,3,"3"
"4/18/2014 8:00",127,126.4024353,12,14,1020,"cv",1.78,0,0,3,"3"
"4/18/2014 9:00",153,152.1269531,11,17,1020,"cv",2.67,0,0,4,"4"
"4/18/2014 10:00",151,150.1614532,11,18,1020,"cv",3.56,0,0,4,"4"
"4/18/2014 11:00",158,157.4264069,11,20,1021,"cv",5.35,0,0,4,"4"
"4/18/2014 12:00",180,179.7942657,12,20,1020,"SE",3.13,0,0,4,"4"
"4/18/2014 13:00",157,156.4400787,11,20,1019,"SE",6.26,0,0,4,"4"
"4/18/2014 14:00",152,151.0338593,11,20,1019,"SE",9.39,0,0,4,"4"
"4/18/2014 15:00",145,144.2885437,11,20,1018,"SE",12.52,0,0,3,"3"
"4/18/2014 16:00",131,130.1639404,11,20,1018,"SE",16.54,0,0,3,"3"
"4/18/2014 17:00",157,156.4525452,11,19,1018,"SE",20.56,0,0,4,"4"
"4/18/2014 18:00",156,155.2828369,11,18,1018,"SE",25.48,0,0,4,"4"
"4/18/2014 19:00",103,102.8441315,5,16,1019,"SE",31.29,0,0,3,"3"
"4/18/2014 20:00",112,111.4319229,5,15,1021,"SE",34.42,0,0,3,"3"
"4/18/2014 21:00",78,77.45342255,4,14,1022,"SE",37.55,0,0,3,"3"
"4/18/2014 22:00",55,54.55753708,3,14,1022,"SE",41.57,0,0,2,"2"
"4/18/2014 23:00",51,50.47213364,2,14,1023,"SE",44.7,0,0,2,"2"
"4/19/2014 0:00",84,83.60101318,3,13,1023,"SE",46.49,0,0,3,"3"
"4/19/2014 1:00",86,85.17495728,5,12,1023,"cv",0.89,0,0,3,"3"
"4/19/2014 2:00",93,92.22708893,3,12,1022,"cv",1.78,0,0,3,"3"
"4/19/2014 3:00",99,98.26539612,4,12,1022,"cv",2.67,0,0,3,"3"
"4/19/2014 4:00",91,90.71575165,4,12,1021,"cv",3.56,0,0,3,"3"
"4/19/2014 5:00",94,93.45509338,6,12,1021,"SE",0.89,0,0,3,"3"
"4/19/2014 6:00",54,53.87185287,5,12,1022,"SE",1.78,0,0,2,"2"
"4/19/2014 7:00",48,47.99576187,4,13,1022,"SE",3.57,0,0,2,"2"
"4/19/2014 8:00",51,50.41927338,4,13,1022,"SE",5.36,0,0,2,"2"
"4/19/2014 9:00",73,72.97962952,4,14,1022,"SE",7.15,0,0,2,"2"
"4/19/2014 10:00",73,72.75130463,4,14,1022,"SE",8.94,0,1,2,"2"
"4/19/2014 11:00",36,35.71824646,-1,15,1022,"SE",13.86,0,2,2,"2"
"4/19/2014 12:00",30,29.99383163,-2,14,1022,"SE",16.99,0,3,1,"1"
"4/19/2014 13:00",52,51.77738571,1,14,1022,"SE",18.78,0,4,2,"2"
"4/19/2014 14:00",50,49.65531158,3,14,1021,"SE",23.7,0,0,2,"2"
"4/19/2014 15:00",56,55.15925217,4,13,1020,"SE",28.62,0,1,2,"2"
"4/19/2014 16:00",43,42.29444504,4,14,1019,"SE",34.43,0,2,2,"2"
"4/19/2014 17:00",49,48.64815521,3,14,1019,"SE",38.45,0,0,2,"2"
"4/19/2014 18:00",64,63.46832657,3,14,1018,"SE",42.47,0,0,2,"2"
"4/19/2014 19:00",60,59.85739517,4,12,1018,"SE",45.6,0,0,2,"2"
"4/19/2014 20:00",55,54.94108963,4,11,1018,"SE",48.73,0,0,2,"2"
"4/19/2014 21:00",64,63.76927948,5,11,1019,"SE",50.52,0,0,2,"2"
"4/19/2014 22:00",77,76.19497681,5,9,1019,"cv",0.89,0,0,3,"3"
"4/19/2014 23:00",73,72.77799225,5,9,1019,"SE",1.79,0,0,2,"2"
"4/20/2014 0:00",77,76.89772797,5,8,1019,"cv",0.89,0,0,3,"3"
"4/20/2014 1:00",100,99.32110596,6,8,1019,"NE",0.89,0,0,3,"3"
"4/20/2014 2:00",115,114.1042938,5,8,1018,"NE",1.78,0,0,3,"3"
"4/20/2014 3:00",105,104.4422226,5,7,1018,"cv",0.89,0,0,3,"3"
"4/20/2014 4:00",105,104.5376968,5,7,1018,"cv",1.78,0,0,3,"3"
"4/20/2014 5:00",102,101.8722687,3,5,1018,"NW",1.79,0,0,3,"3"
"4/20/2014 6:00",112,111.4544449,4,6,1018,"NW",4.92,0,0,3,"3"
"4/20/2014 7:00",118,117.4808731,5,9,1018,"NW",8.94,0,0,3,"3"
"4/20/2014 8:00",76,75.03710175,5,13,1018,"NW",12.07,0,0,3,"3"
"4/20/2014 9:00",67,66.89840698,4,15,1018,"NW",15.2,0,0,2,"2"
"4/20/2014 10:00",49,48.08157349,2,16,1018,"NW",16.99,0,0,2,"2"
"4/20/2014 11:00",38,37.77886581,0,17,1018,"NW",20.12,0,0,2,"2"
"4/20/2014 12:00",41,40.39665985,-1,19,1017,"NW",21.91,0,0,2,"2"
"4/20/2014 13:00",9,8.954659462,-2,20,1016,"SE",3.13,0,0,1,"1"
"4/20/2014 14:00",3,2.830613852,-1,22,1015,"cv",3.13,0,0,1,"1"
"4/20/2014 15:00",10,-25.01169586,-2,22,1014,"NW",4.92,0,0,1,"1"
"4/20/2014 16:00",4,3.28800416,-2,22,1013,"SE",4.02,0,0,1,"1"
"4/20/2014 17:00",30,29.97576904,-1,22,1013,"SE",8.94,0,0,1,"1"
"4/20/2014 18:00",56,55.01036835,2,20,1013,"SE",13.86,0,0,2,"2"
"4/20/2014 19:00",54,53.62077713,2,19,1013,"SE",17.88,0,0,2,"2"
"4/20/2014 20:00",49,48.95256424,3,19,1014,"SE",21.9,0,0,2,"2"
"4/20/2014 21:00",59,58.34307861,4,19,1015,"SE",25.92,0,0,2,"2"
"4/20/2014 22:00",71,70.3330307,5,18,1015,"SE",29.94,0,0,2,"2"
"4/20/2014 23:00",60,59.9812355,5,14,1016,"NE",1.79,0,0,2,"2"
"4/21/2014 0:00",69,68.84825897,3,11,1016,"NW",1.79,0,0,2,"2"
"4/21/2014 1:00",63,62.37678528,5,10,1016,"cv",0.45,0,0,2,"2"
"4/21/2014 2:00",86,85.4675827,4,9,1016,"NW",1.79,0,0,3,"3"
"4/21/2014 3:00",75,74.62782288,3,11,1016,"NW",2.68,0,0,2,"2"
"4/21/2014 4:00",46,45.22855759,2,9,1016,"NW",4.47,0,0,2,"2"
"4/21/2014 5:00",68,67.0424881,2,10,1016,"NW",6.26,0,0,2,"2"
"4/21/2014 6:00",44,43.29964066,2,10,1017,"NW",8.05,0,0,2,"2"
"4/21/2014 7:00",57,56.27992249,3,12,1018,"cv",0.89,0,0,2,"2"
"4/21/2014 8:00",38,37.65703583,2,15,1018,"cv",1.78,0,0,2,"2"
"4/21/2014 9:00",40,39.88803482,0,18,1018,"NE",1.79,0,0,2,"2"
"4/21/2014 10:00",35,34.03006363,-2,21,1018,"cv",1.79,0,0,1,"1"
"4/21/2014 11:00",25,24.124897,-5,22,1018,"NE",1.79,0,0,1,"1"
"4/21/2014 12:00",42,41.07614517,-5,24,1017,"SE",1.79,0,0,2,"2"
"4/21/2014 13:00",35,34.18392181,-3,25,1016,"cv",1.79,0,0,1,"1"
"4/21/2014 14:00",24,23.46298599,-2,25,1015,"SE",4.92,0,0,1,"1"
"4/21/2014 15:00",19,18.2763443,-2,25,1013,"SE",8.94,0,0,1,"1"
"4/21/2014 16:00",9,8.645727158,-2,25,1013,"SE",14.75,0,0,1,"1"
"4/21/2014 17:00",21,20.94710541,-2,24,1013,"SE",22.8,0,0,1,"1"
"4/21/2014 18:00",45,44.65935898,-2,23,1013,"SE",27.72,0,0,2,"2"
"4/21/2014 19:00",24,23.12148666,-1,20,1014,"SE",30.85,0,0,1,"1"
"4/21/2014 20:00",45,44.28120041,0,21,1014,"SE",34.87,0,0,2,"2"
"4/21/2014 21:00",26,25.66606712,1,18,1015,"cv",0.89,0,0,1,"1"
"4/21/2014 22:00",62,61.60773468,2,21,1015,"NW",3.13,0,0,2,"2"
"4/21/2014 23:00",60,59.04675674,4,14,1015,"cv",0.89,0,0,2,"2"
"4/22/2014 0:00",66,65.01541138,4,12,1016,"SE",1.79,0,0,2,"2"
"4/22/2014 1:00",75,74.10649872,4,12,1016,"SE",3.58,0,0,2,"2"
"4/22/2014 2:00",101,100.1873016,3,10,1016,"NW",1.79,0,0,3,"3"
"4/22/2014 3:00",94,93.46183777,4,9,1016,"NW",2.68,0,0,3,"3"
"4/22/2014 4:00",77,76.59104919,3,8,1016,"NW",3.57,0,0,3,"3"
"4/22/2014 5:00",54,53.92907715,3,8,1015,"NW",5.36,0,0,2,"2"
"4/22/2014 6:00",41,40.06934738,1,9,1016,"NW",7.15,0,0,2,"2"
"4/22/2014 7:00",49,48.35726547,3,12,1016,"NW",8.94,0,0,2,"2"
"4/22/2014 8:00",40,39.30770493,0,17,1016,"NW",12.07,0,0,2,"2"
"4/22/2014 9:00",72,71.79088593,1,21,1016,"NW",13.86,0,0,2,"2"
"4/22/2014 10:00",78,77.24839783,0,23,1015,"NW",15.65,0,0,3,"3"
"4/22/2014 11:00",77,76.25444794,0,24,1015,"cv",1.79,0,0,3,"3"
"4/22/2014 12:00",33,32.29509735,0,26,1014,"cv",3.58,0,0,1,"1"
"4/22/2014 13:00",78,77.28474426,0,27,1013,"SE",4.92,0,0,3,"3"
"4/22/2014 14:00",40,39.9393959,0,27,1011,"SE",9.84,0,0,2,"2"
"4/22/2014 15:00",136,135.5109406,0,27,1010,"SE",13.86,0,0,3,"3"
"4/22/2014 16:00",102,101.693634,2,27,1009,"SE",19.67,0,0,3,"3"
"4/22/2014 17:00",68,67.17816925,3,26,1009,"SE",24.59,0,0,2,"2"
"4/22/2014 18:00",100,99.93865204,4,25,1009,"SE",30.4,0,0,3,"3"
"4/22/2014 19:00",77,76.13678741,4,24,1009,"SE",35.32,0,0,3,"3"
"4/22/2014 20:00",87,86.94728088,6,23,1010,"SE",40.24,0,0,3,"3"
"4/22/2014 21:00",64,63.3073082,6,21,1011,"SE",43.37,0,0,2,"2"
"4/22/2014 22:00",73,72.21800995,5,21,1011,"SE",46.5,0,0,2,"2"
"4/22/2014 23:00",70,69.22970581,7,19,1011,"SE",48.29,0,0,2,"2"
"4/23/2014 0:00",68,67.97813416,8,19,1011,"SE",52.31,0,0,2,"2"
"4/23/2014 1:00",84,83.00002289,9,18,1011,"SE",56.33,0,0,3,"3"
"4/23/2014 2:00",112,111.4082565,9,17,1011,"SE",60.35,0,0,3,"3"
"4/23/2014 3:00",101,100.1726227,10,17,1010,"SE",64.37,0,0,3,"3"
"4/23/2014 4:00",105,104.3310165,10,16,1011,"SE",66.16,0,0,3,"3"
"4/23/2014 5:00",109,108.9056244,10,15,1011,"SE",67.95,0,0,3,"3"
"4/23/2014 6:00",103,102.9929886,11,15,1011,"SE",71.08,0,0,3,"3"
"4/23/2014 7:00",106,105.7112885,12,16,1012,"SE",72.87,0,0,3,"3"
"4/23/2014 8:00",160,159.3778687,12,18,1012,"SE",76,0,0,4,"4"
"4/23/2014 9:00",157,156.6004486,12,19,1012,"SE",79.13,0,0,4,"4"
"4/23/2014 10:00",161,160.4987488,13,20,1012,"SE",82.26,0,0,4,"4"
"4/23/2014 11:00",205,204.9893951,13,22,1011,"SE",85.39,0,0,4,"4"
"4/23/2014 12:00",175,174.5312958,13,23,1010,"SE",89.41,0,0,4,"4"
"4/23/2014 13:00",191,190.2569733,13,23,1010,"SE",94.33,0,0,4,"4"
"4/23/2014 14:00",196,195.5414124,13,24,1009,"SE",98.35,0,0,4,"4"
"4/23/2014 15:00",178,177.6303406,12,25,1008,"SE",103.27,0,0,4,"4"
"4/23/2014 16:00",157,156.631485,10,26,1007,"SE",110.42,0,0,4,"4"
"4/23/2014 17:00",159,158.9087677,11,24,1007,"SE",115.34,0,0,4,"4"
"4/23/2014 18:00",151,150.7198334,11,24,1007,"SE",119.36,0,0,4,"4"
"4/23/2014 19:00",146,145.8875275,13,23,1009,"SE",126.51,0,1,3,"3"
"4/23/2014 20:00",143,142.4446564,10,20,1009,"cv",3.13,0,2,3,"3"
"4/23/2014 21:00",124,123.4274597,10,20,1011,"SE",3.13,0,0,3,"3"
"4/23/2014 22:00",103,102.4441376,9,19,1011,"SE",6.26,0,0,3,"3"
"4/23/2014 23:00",108,107.446022,9,18,1012,"SE",9.39,0,0,3,"3"
"4/24/2014 0:00",96,95.2642746,11,19,1012,"SE",12.52,0,0,3,"3"
"4/24/2014 1:00",128,127.4594421,11,18,1013,"SE",15.65,0,0,3,"3"
"4/24/2014 2:00",105,104.4296799,10,17,1013,"SE",18.78,0,0,3,"3"
"4/24/2014 3:00",113,112.5300369,11,16,1013,"SE",21.91,0,0,3,"3"
"4/24/2014 4:00",125,124.692009,11,16,1013,"SE",22.8,0,0,3,"3"
"4/24/2014 5:00",105,104.5286942,11,16,1013,"SE",24.59,0,0,3,"3"
"4/24/2014 6:00",115,114.3391953,11,16,1013,"SE",27.72,0,0,3,"3"
"4/24/2014 7:00",116,115.8467636,11,16,1014,"SE",30.85,0,0,3,"3"
"4/24/2014 8:00",133,132.2180023,11,17,1015,"SE",33.98,0,0,3,"3"
"4/24/2014 9:00",133,132.0383759,11,18,1015,"SE",37.11,0,0,3,"3"
"4/24/2014 10:00",159,158.8719025,11,19,1016,"SE",38.9,0,0,4,"4"
"4/24/2014 11:00",140,139.9093628,11,20,1016,"cv",0.89,0,0,3,"3"
"4/24/2014 12:00",138,137.1336823,12,21,1015,"cv",2.68,0,0,3,"3"
"4/24/2014 13:00",142,141.0096893,13,22,1015,"SE",3.13,0,0,3,"3"
"4/24/2014 14:00",145,144.0036774,13,24,1014,"SE",6.26,0,0,3,"3"
"4/24/2014 15:00",147,146.1130524,13,25,1013,"SE",10.28,0,0,3,"3"
"4/24/2014 16:00",144,143.493988,12,25,1012,"SE",14.3,0,0,3,"3"
"4/24/2014 17:00",140,139.4907684,12,25,1012,"SE",19.22,0,0,3,"3"
"4/24/2014 18:00",114,113.6703186,11,24,1013,"SE",24.14,0,0,3,"3"
"4/24/2014 19:00",122,121.5905075,12,23,1014,"SE",27.27,0,0,3,"3"
"4/24/2014 20:00",119,118.0999603,12,21,1015,"SE",29.06,0,0,3,"3"
"4/24/2014 21:00",122,121.3813324,13,19,1015,"cv",0.89,0,0,3,"3"
"4/24/2014 22:00",114,113.7642136,11,19,1016,"SE",3.13,0,0,3,"3"
"4/24/2014 23:00",126,125.2299194,10,19,1016,"SE",6.26,0,0,3,"3"
"4/25/2014 0:00",135,134.4362793,9,18,1016,"SE",8.05,0,0,3,"3"
"4/25/2014 1:00",134,133.3627014,9,16,1016,"cv",0.89,0,0,3,"3"
"4/25/2014 2:00",135,134.3178711,9,16,1016,"SE",1.79,0,0,3,"3"
"4/25/2014 3:00",135,134.3742218,9,15,1016,"cv",0.89,0,0,3,"3"
"4/25/2014 4:00",147,146.4376678,9,14,1016,"SE",0.89,0,0,3,"3"
"4/25/2014 5:00",132,131.202301,9,13,1016,"SE",1.78,0,0,3,"3"
"4/25/2014 6:00",100,99.2386322,9,13,1017,"NE",1.79,0,0,3,"3"
"4/25/2014 7:00",120,119.9109116,10,16,1017,"SE",1.79,0,0,3,"3"
"4/25/2014 8:00",132,131.0611115,10,18,1017,"SE",4.92,0,0,3,"3"
"4/25/2014 9:00",147,146.3290405,10,20,1018,"SE",8.05,0,0,3,"3"
"4/25/2014 10:00",151,150.6300049,10,22,1018,"cv",0.89,0,0,4,"4"
"4/25/2014 11:00",174,173.9427032,11,23,1018,"cv",2.68,0,0,4,"4"
"4/25/2014 12:00",177,176.5065155,11,24,1017,"cv",3.57,0,0,4,"4"
"4/25/2014 13:00",168,167.5412598,10,25,1016,"cv",6.7,0,0,4,"4"
"4/25/2014 14:00",163,162.0364532,10,26,1016,"SE",3.13,0,0,4,"4"
"4/25/2014 15:00",122,121.3176117,8,27,1015,"SE",7.15,0,0,3,"3"
"4/25/2014 16:00",90,89.64221191,7,26,1014,"SE",11.17,0,0,3,"3"
"4/25/2014 17:00",88,87.11911774,7,25,1014,"NW",5.81,0,0,3,"3"
"4/25/2014 18:00",88,87.97088623,6,23,1015,"NW",10.73,0,0,3,"3"
"4/25/2014 19:00",113,112.4161377,8,20,1016,"NW",14.75,0,1,3,"3"
"4/25/2014 20:00",97,96.41430664,6,20,1016,"NW",21.9,0,0,3,"3"
"4/25/2014 21:00",91,90.61949921,7,19,1017,"NW",29.95,0,0,3,"3"
"4/25/2014 22:00",125,124.4308319,11,15,1019,"NW",41.13,0,1,3,"3"
"4/25/2014 23:00",108,107.0398483,11,13,1019,"NW",48.28,0,2,3,"3"
"4/26/2014 0:00",90,89.20223999,11,13,1019,"NW",53.2,0,3,3,"3"
"4/26/2014 1:00",66,65.79988861,11,12,1020,"NE",1.79,0,4,2,"2"
"4/26/2014 2:00",40,39.28405762,9,11,1019,"NW",3.13,0,5,2,"2"
"4/26/2014 3:00",58,57.73978043,10,12,1019,"NW",8.05,0,6,2,"2"
"4/26/2014 4:00",12,11.43541527,8,11,1019,"NW",12.97,0,7,1,"1"
"4/26/2014 5:00",26,25.5651741,8,11,1020,"NW",17.89,0,0,1,"1"
"4/26/2014 6:00",31,30.22131157,7,12,1020,"NE",4.02,0,0,1,"1"
"4/26/2014 7:00",36,35.82344818,8,12,1021,"NW",3.13,0,0,2,"2"
"4/26/2014 8:00",34,33.662323,8,13,1021,"NW",6.26,0,0,1,"1"
"4/26/2014 9:00",50,49.36027908,8,16,1022,"NE",3.13,0,0,2,"2"
"4/26/2014 10:00",60,59.06274796,5,18,1021,"NE",6.26,0,0,2,"2"
"4/26/2014 11:00",58,57.90024185,4,20,1021,"NW",3.13,0,0,2,"2"
"4/26/2014 12:00",41,40.11260986,1,20,1021,"NW",6.26,0,0,2,"2"
"4/26/2014 13:00",61,60.95299149,1,22,1020,"cv",1.79,0,0,2,"2"
"4/26/2014 14:00",49,48.45405197,2,22,1020,"cv",2.68,0,0,2,"2"
"4/26/2014 15:00",57,56.01921082,3,22,1019,"SE",1.79,0,0,2,"2"
"4/26/2014 16:00",57,56.90619278,3,22,1019,"SE",3.58,0,0,2,"2"
"4/26/2014 17:00",67,66.18032837,9,20,1018,"SE",7.6,0,0,2,"2"
"4/26/2014 18:00",67,66.42914581,9,18,1019,"SE",11.62,0,0,2,"2"
"4/26/2014 19:00",78,77.12618256,8,17,1019,"SE",15.64,0,0,3,"3"
"4/26/2014 20:00",80,79.43080902,8,16,1020,"SE",18.77,0,0,3,"3"
"4/26/2014 21:00",87,86.21772003,9,15,1021,"SE",21.9,0,0,3,"3"
"4/26/2014 22:00",51,50.0669899,9,14,1021,"SE",23.69,0,0,2,"2"
"4/26/2014 23:00",59,58.94734192,10,13,1021,"cv",0.89,0,0,2,"2"
"4/27/2014 0:00",34,33.2016983,10,13,1021,"SE",0.89,0,0,1,"1"
"4/27/2014 1:00",53,52.18370056,10,12,1021,"NE",0.89,0,0,2,"2"
"4/27/2014 2:00",39,38.66160583,10,11,1021,"SE",0.89,0,0,2,"2"
"4/27/2014 3:00",58,57.96738815,10,11,1021,"cv",0.89,0,0,2,"2"
"4/27/2014 4:00",64,63.06159592,9,10,1020,"NW",1.79,0,0,2,"2"
"4/27/2014 5:00",76,75.32497406,9,10,1020,"NW",4.92,0,0,3,"3"
"4/27/2014 6:00",86,85.97657776,9,10,1021,"NW",8.94,0,0,3,"3"
"4/27/2014 7:00",67,66.77915955,10,12,1021,"NW",12.96,0,0,2,"2"
"4/27/2014 8:00",48,47.39474869,8,16,1021,"NW",17.88,0,0,2,"2"
"4/27/2014 9:00",47,46.25415421,4,20,1021,"NW",25.03,0,0,2,"2"
"4/27/2014 10:00",30,29.25091553,1,21,1021,"NE",7.15,0,0,1,"1"
"4/27/2014 11:00",26,25.27032089,1,23,1021,"NE",12.96,0,0,1,"1"
"4/27/2014 12:00",29,28.19997025,1,23,1021,"NE",17.88,0,0,1,"1"
"4/27/2014 13:00",32,31.46629906,0,23,1020,"NE",21.9,0,0,1,"1"
"4/27/2014 14:00",53,52.25793457,-2,24,1019,"NW",1.79,0,0,2,"2"
"4/27/2014 15:00",86,85.07746887,0,24,1018,"SE",1.79,0,0,3,"3"
"4/27/2014 16:00",77,76.28140259,-1,24,1018,"cv",1.79,0,0,3,"3"
"4/27/2014 17:00",84,83.41803741,4,23,1018,"SE",4.92,0,0,3,"3"
"4/27/2014 18:00",95,94.61213684,4,22,1018,"SE",8.05,0,0,3,"3"
"4/27/2014 19:00",132,131.4219208,4,21,1019,"SE",12.97,0,0,3,"3"
"4/27/2014 20:00",109,108.8775101,5,20,1020,"SE",16.99,0,0,3,"3"
"4/27/2014 21:00",94,93.57865143,7,19,1020,"SE",21.01,0,0,3,"3"
"4/27/2014 22:00",97,96.6891861,9,17,1021,"SE",24.14,0,0,3,"3"
"4/27/2014 23:00",128,127.2828369,9,16,1022,"SE",28.16,0,0,3,"3"
"4/28/2014 0:00",111,110.3498001,7,15,1022,"SE",31.29,0,0,3,"3"
"4/28/2014 1:00",80,79.67045593,7,14,1022,"cv",0.89,0,0,3,"3"
"4/28/2014 2:00",52,51.08256149,8,12,1022,"NE",0.89,0,0,2,"2"
"4/28/2014 3:00",46,45.51309967,8,12,1022,"cv",0.89,0,0,2,"2"
"4/28/2014 4:00",50,49.87069702,8,12,1021,"cv",1.34,0,0,2,"2"
"4/28/2014 5:00",69,68.82065582,8,11,1021,"cv",1.79,0,0,2,"2"
"4/28/2014 6:00",60,59.56349182,8,10,1022,"NW",3.13,0,0,2,"2"
"4/28/2014 7:00",89,88.78723907,9,13,1022,"NW",7.15,0,0,3,"3"
"4/28/2014 8:00",88,87.8007431,9,17,1022,"NW",11.17,0,0,3,"3"
"4/28/2014 9:00",109,108.1809464,8,20,1021,"NW",15.19,0,0,3,"3"
"4/28/2014 10:00",120,119.0431366,7,21,1021,"NE",3.13,0,0,3,"3"
"4/28/2014 11:00",121,120.7682419,5,23,1020,"cv",0.89,0,0,3,"3"
"4/28/2014 12:00",88,87.58254242,-2,24,1019,"SE",3.13,0,0,3,"3"
"4/28/2014 13:00",75,74.26279449,0,25,1018,"cv",3.13,0,0,2,"2"
"4/28/2014 14:00",64,63.97925949,1,25,1017,"cv",6.26,0,0,2,"2"
"4/28/2014 15:00",50,49.19496536,0,26,1016,"SE",3.13,0,0,2,"2"
"4/28/2014 16:00",13,12.84613037,0,26,1015,"NW",3.13,0,0,1,"1"
"4/28/2014 17:00",59,58.29607773,0,25,1015,"SE",3.13,0,0,2,"2"
"4/28/2014 18:00",69,68.47521973,2,24,1015,"SE",8.94,0,0,2,"2"
"4/28/2014 19:00",89,88.34212494,3,22,1015,"SE",13.86,0,0,3,"3"
"4/28/2014 20:00",79,78.48693848,3,20,1015,"SE",17.88,0,0,3,"3"
"4/28/2014 21:00",88,87.84307861,5,19,1016,"cv",0.89,0,0,3,"3"
"4/28/2014 22:00",101,100.990799,7,16,1016,"cv",1.78,0,0,3,"3"
"4/28/2014 23:00",121,120.1494522,8,15,1016,"SE",0.89,0,0,3,"3"
"4/29/2014 0:00",113,112.0589371,8,14,1016,"SE",2.68,0,0,3,"3"
"4/29/2014 1:00",97,96.06521606,6,15,1016,"SE",4.47,0,0,3,"3"
"4/29/2014 2:00",100,99.11855316,6,14,1016,"SE",6.26,0,0,3,"3"
"4/29/2014 3:00",99,98.44678497,5,14,1016,"SE",8.05,0,0,3,"3"
"4/29/2014 4:00",86,85.36735535,5,12,1016,"NE",0.89,0,0,3,"3"
"4/29/2014 5:00",95,94.03331757,5,11,1016,"cv",0.45,0,0,3,"3"
"4/29/2014 6:00",98,97.78424072,7,11,1016,"NE",0.89,0,0,3,"3"
"4/29/2014 7:00",104,103.1491089,7,15,1016,"cv",0.89,0,0,3,"3"
"4/29/2014 8:00",76,75.36006165,4,17,1016,"cv",1.78,0,0,3,"3"
"4/29/2014 9:00",114,113.9001007,4,19,1016,"cv",2.67,0,0,3,"3"
"4/29/2014 10:00",136,135.3053131,5,21,1015,"cv",3.56,0,0,3,"3"
"4/29/2014 11:00",148,147.0654297,4,22,1015,"SE",1.79,0,0,3,"3"
"4/29/2014 12:00",146,145.6113281,5,23,1014,"cv",1.79,0,0,3,"3"
"4/29/2014 13:00",142,141.1495667,6,25,1012,"SE",1.79,0,0,3,"3"
"4/29/2014 14:00",116,115.9434433,5,26,1011,"SE",4.92,0,0,3,"3"
"4/29/2014 15:00",97,96.88996124,4,27,1010,"SE",8.05,0,0,3,"3"
"4/29/2014 16:00",109,108.070549,4,27,1009,"SE",12.97,0,0,3,"3"
"4/29/2014 17:00",97,96.24266052,3,26,1009,"SE",16.99,0,0,3,"3"
"4/29/2014 18:00",104,103.7492676,5,25,1009,"SE",21.91,0,0,3,"3"
"4/29/2014 19:00",107,106.071907,6,24,1009,"SE",25.93,0,0,3,"3"
"4/29/2014 20:00",101,100.2344971,7,23,1010,"SE",29.95,0,0,3,"3"
"4/29/2014 21:00",102,101.594902,8,22,1010,"SE",33.08,0,0,3,"3"
"4/29/2014 22:00",107,106.9681396,8,21,1010,"SE",34.87,0,0,3,"3"
"4/29/2014 23:00",110,109.2485886,8,19,1011,"SE",36.66,0,0,3,"3"
"4/30/2014 0:00",115,114.0687714,9,18,1011,"SE",38.45,0,0,3,"3"
"4/30/2014 1:00",113,112.0145874,9,17,1010,"SE",40.24,0,0,3,"3"
"4/30/2014 2:00",113,112.617836,10,16,1010,"SE",41.13,0,0,3,"3"
"4/30/2014 3:00",104,103.5317535,9,14,1010,"cv",0.89,0,0,3,"3"
"4/30/2014 4:00",91,90.58409882,9,13,1010,"NE",0.89,0,0,3,"3"
"4/30/2014 5:00",101,100.2964783,9,13,1010,"NE",1.78,0,0,3,"3"
"4/30/2014 6:00",103,102.505043,9,12,1010,"NE",2.67,0,0,3,"3"
"4/30/2014 7:00",110,109.1446838,10,15,1010,"NE",3.56,0,0,3,"3"
"4/30/2014 8:00",121,120.3503189,10,18,1011,"cv",0.89,0,0,3,"3"
"4/30/2014 9:00",165,164.8130493,11,20,1011,"SE",1.79,0,0,4,"4"
"4/30/2014 10:00",173,172.6037903,11,22,1011,"cv",0.89,0,0,4,"4"
"4/30/2014 11:00",231,230.3582764,11,24,1010,"SE",3.13,0,0,4,"4"
"4/30/2014 12:00",200,199.5150146,10,26,1009,"cv",3.13,0,0,4,"4"
"4/30/2014 13:00",159,158.2157135,9,27,1008,"SE",4.02,0,0,4,"4"
"4/30/2014 14:00",106,105.9263306,9,28,1008,"SE",8.04,0,0,3,"3"
"4/30/2014 15:00",105,104.3453751,9,28,1007,"SE",12.96,0,0,3,"3"
"4/30/2014 16:00",80,79.74648285,9,28,1006,"SE",17.88,0,0,3,"3"
"4/30/2014 17:00",111,110.0147858,9,28,1006,"SE",21.9,0,0,3,"3"
"4/30/2014 18:00",151,150.7336426,8,26,1006,"SE",26.82,0,0,4,"4"
"4/30/2014 19:00",128,127.3634949,9,25,1006,"SE",29.95,0,0,3,"3"
"4/30/2014 20:00",119,118.433075,10,22,1007,"SE",33.08,0,0,3,"3"
"4/30/2014 21:00",106,105.6703949,10,23,1008,"SE",37.1,0,0,3,"3"
"4/30/2014 22:00",118,117.3916168,10,22,1008,"SE",41.12,0,0,3,"3"
"4/30/2014 23:00",119,118.554657,11,22,1008,"SE",45.14,0,0,3,"3"
"5/1/2014 0:00",105,104.0853729,11,20,1008,"SE",48.27,0,0,3,"3"
"5/1/2014 1:00",116,115.548912,11,19,1008,"SE",51.4,0,0,3,"3"
"5/1/2014 2:00",128,127.4485168,12,18,1008,"SE",54.53,0,0,3,"3"
"5/1/2014 3:00",156,155.3362122,13,17,1008,"SE",56.32,0,0,4,"4"
"5/1/2014 4:00",125,124.7150497,12,16,1007,"SE",58.11,0,0,3,"3"
"5/1/2014 5:00",149,148.3633575,12,15,1008,"SE",59.9,0,0,3,"3"
"5/1/2014 6:00",129,128.9922028,13,16,1008,"SE",61.69,0,0,3,"3"
"5/1/2014 7:00",167,166.8848419,14,18,1009,"SE",63.48,0,0,4,"4"
"5/1/2014 8:00",153,152.9180908,14,20,1009,"SE",66.61,0,0,4,"4"
"5/1/2014 9:00",180,179.3220673,14,21,1009,"SE",68.4,0,0,4,"4"
"5/1/2014 10:00",179,178.1639709,15,23,1009,"cv",0.89,0,0,4,"4"
"5/1/2014 11:00",189,188.6286469,15,25,1008,"SE",4.92,0,0,4,"4"
"5/1/2014 12:00",184,183.8854218,15,26,1007,"SE",9.84,0,0,4,"4"
"5/1/2014 13:00",147,146.7806702,15,26,1006,"SE",13.86,0,0,3,"3"
"5/1/2014 14:00",169,168.6470032,14,27,1005,"SE",18.78,0,0,4,"4"
"5/1/2014 15:00",183,182.2314453,13,27,1005,"SE",23.7,0,0,4,"4"
"5/1/2014 16:00",164,163.4900055,12,28,1004,"SE",30.85,0,0,4,"4"
"5/1/2014 17:00",118,117.1772766,6,24,1006,"NW",8.94,0,0,3,"3"
"5/1/2014 18:00",99,98.74101257,4,22,1006,"NW",16.09,0,1,3,"3"
"5/1/2014 19:00",135,134.8035431,8,20,1007,"NW",21.9,0,0,3,"3"
"5/1/2014 20:00",56,55.83699417,4,19,1009,"NW",33.97,0,0,2,"2"
"5/1/2014 21:00",93,92.22035217,4,18,1010,"NW",43.8,0,0,3,"3"
"5/1/2014 22:00",55,54.26519012,4,15,1012,"NW",57.66,0,1,2,"2"
"5/1/2014 23:00",52,51.17969894,1,15,1012,"NW",67.49,0,0,2,"2"
"5/2/2014 0:00",43,42.41885376,1,15,1013,"NW",76.43,0,0,2,"2"
"5/2/2014 1:00",53,52.09953308,0,14,1012,"NW",87.61,0,0,2,"2"
"5/2/2014 2:00",38,37.77110291,0,14,1012,"NW",97.44,0,0,2,"2"
"5/2/2014 3:00",16,15.77085304,-1,13,1012,"NW",107.27,0,0,1,"1"
"5/2/2014 4:00",15,14.02689743,-1,13,1012,"NW",116.21,0,0,1,"1"
"5/2/2014 5:00",21,20.47180176,-2,13,1013,"NW",126.04,0,0,1,"1"
"5/2/2014 6:00",24,23.41812515,-2,13,1014,"NW",134.09,0,0,1,"1"
"5/2/2014 7:00",11,10.75400352,-3,14,1015,"NW",145.27,0,0,1,"1"
"5/2/2014 8:00",16,15.69183064,-5,15,1016,"NW",156.45,0,0,1,"1"
"5/2/2014 9:00",17,16.08070755,-6,17,1017,"NW",164.5,0,0,1,"1"
"5/2/2014 10:00",20,19.24704742,-7,19,1018,"NW",171.65,0,0,1,"1"
"5/2/2014 11:00",53,52.63733292,-8,20,1018,"NW",175.67,0,0,2,"2"
"5/2/2014 12:00",25,24.98227692,-9,21,1017,"NW",180.59,0,0,1,"1"
"5/2/2014 13:00",26,25.31266212,-6,23,1015,"NW",187.74,0,0,1,"1"
"5/2/2014 14:00",45,44.5043869,-6,24,1015,"NW",192.66,0,0,2,"2"
"5/2/2014 15:00",31,30.65852737,-6,22,1015,"NW",198.47,0,0,1,"1"
"5/2/2014 16:00",64,63.84446335,-1,22,1015,"NW",207.41,0,0,2,"2"
"5/2/2014 17:00",58,57.67057037,0,21,1016,"NW",216.35,0,0,2,"2"
"5/2/2014 18:00",47,46.60906601,1,18,1017,"NW",226.18,0,0,2,"2"
"5/2/2014 19:00",47,46.9292984,2,17,1017,"NW",231.99,0,0,2,"2"
"5/2/2014 20:00",23,22.59102249,2,15,1018,"cv",0.89,0,0,1,"1"
"5/2/2014 21:00",27,26.95316696,1,17,1018,"NW",1.79,0,0,1,"1"
"5/2/2014 22:00",20,19.26508141,1,17,1018,"SE",4.02,0,0,1,"1"
"5/2/2014 23:00",34,33.59737778,3,13,1018,"cv",0.89,0,0,1,"1"
"5/3/2014 0:00",30,29.38563347,5,11,1018,"cv",1.78,0,0,1,"1"
"5/3/2014 1:00",45,44.56007385,6,10,1017,"SE",0.89,0,0,2,"2"
"5/3/2014 2:00",49,48.73766327,4,9,1016,"NE",1.79,0,0,2,"2"
"5/3/2014 3:00",30,29.70295334,4,9,1016,"NE",2.68,0,0,1,"1"
"5/3/2014 4:00",13,12.51998806,5,9,1015,"cv",0.89,0,0,1,"1"
"5/3/2014 5:00",41,40.08885574,4,7,1015,"NE",0.89,0,0,2,"2"
"5/3/2014 6:00",40,39.60380554,5,8,1014,"cv",0.89,0,0,2,"2"
"5/3/2014 7:00",47,46.91694641,6,12,1014,"cv",1.78,0,0,2,"2"
"5/3/2014 8:00",90,89.57443237,6,14,1014,"cv",2.67,0,0,3,"3"
"5/3/2014 9:00",89,88.76467896,4,17,1012,"cv",4.46,0,0,3,"3"
"5/3/2014 10:00",120,119.1459656,3,20,1011,"SE",3.13,0,0,3,"3"
"5/3/2014 11:00",126,125.1381378,4,22,1010,"SE",8.05,0,0,3,"3"
"5/3/2014 12:00",119,118.7288818,1,24,1007,"SE",16.1,0,0,3,"3"
"5/3/2014 13:00",97,96.47190857,-1,23,1006,"SE",25.04,0,0,3,"3"
"5/3/2014 14:00",101,100.595932,2,23,1008,"NW",8.05,0,0,3,"3"
"5/3/2014 15:00",98,97.2696991,0,23,1008,"NW",16.1,0,0,3,"3"
"5/3/2014 16:00",47,46.60658646,-5,23,1008,"NW",28.17,0,0,2,"2"
"5/3/2014 17:00",49,48.87269211,-8,23,1008,"NW",38,0,0,2,"2"
"5/3/2014 18:00",42,41.91157913,-10,20,1010,"NW",53.2,0,0,2,"2"
"5/3/2014 19:00",66,65.65563965,-10,19,1012,"NW",65.27,0,0,2,"2"
"5/3/2014 20:00",104,103.4732895,-7,17,1014,"NW",76.45,0,0,3,"3"
"5/3/2014 21:00",99,98.24195862,-7,16,1016,"NW",88.52,0,0,3,"3"
"5/3/2014 22:00",58,57.04452896,-8,14,1016,"NW",99.7,0,0,2,"2"
"5/3/2014 23:00",64,63.40233994,-5,13,1017,"NW",109.53,0,0,2,"2"
"5/4/2014 0:00",45,44.61261749,-5,12,1017,"NW",123.39,0,0,2,"2"
"5/4/2014 1:00",33,32.5134697,-6,11,1018,"NW",133.22,0,0,1,"1"
"5/4/2014 2:00",45,44.48899078,-6,11,1018,"NW",142.16,0,0,2,"2"
"5/4/2014 3:00",47,46.66576385,-7,10,1018,"NW",149.31,0,0,2,"2"
"5/4/2014 4:00",19,18.21168518,-7,10,1017,"NW",155.12,0,0,1,"1"
"5/4/2014 5:00",32,-3.615262032,-6,10,1017,"NW",163.17,0,0,1,"1"
"5/4/2014 6:00",34,-1.224750996,-6,10,1018,"NW",168.98,0,0,1,"1"
"5/4/2014 7:00",5,4.152244568,-7,11,1018,"NW",174.79,0,0,1,"1"
"5/4/2014 8:00",9,8.269906998,-9,13,1017,"NW",183.73,0,0,1,"1"
"5/4/2014 9:00",1,0.487183571,-12,15,1017,"NW",193.56,0,0,1,"1"
"5/4/2014 10:00",16,15.85958099,-14,17,1017,"NW",205.63,0,0,1,"1"
"5/4/2014 11:00",2,1.276109219,-13,18,1017,"NW",217.7,0,0,1,"1"
"5/4/2014 12:00",28,27.86346817,-14,19,1016,"NW",230.66,0,0,1,"1"
"5/4/2014 13:00",30,29.61475945,-12,18,1016,"NW",242.73,0,0,1,"1"
"5/4/2014 14:00",15,14.90101147,-12,17,1016,"NW",255.69,0,0,1,"1"
"5/4/2014 15:00",31,30.65059662,-12,18,1017,"NW",268.65,0,0,1,"1"
"5/4/2014 16:00",20,19.62313461,-13,18,1017,"NW",281.61,0,0,1,"1"
"5/4/2014 17:00",47,46.78003693,-11,19,1017,"NW",289.66,0,0,2,"2"
"5/4/2014 18:00",18,17.62610054,-12,16,1017,"NW",299.49,0,0,1,"1"
"5/4/2014 19:00",37,36.98600388,-12,16,1017,"NW",305.3,0,0,2,"2"
"5/4/2014 20:00",18,17.0269928,-10,14,1018,"NW",310.22,0,0,1,"1"
"5/4/2014 21:00",61,60.33702087,-8,11,1019,"NE",1.79,0,0,2,"2"
"5/4/2014 22:00",48,47.4048996,-8,14,1019,"cv",1.79,0,0,2,"2"
"5/4/2014 23:00",33,32.99385834,-9,14,1019,"SE",3.13,0,0,1,"1"
"5/5/2014 0:00",118,117.3559494,-2,8,1018,"cv",0.89,0,0,3,"3"
"5/5/2014 1:00",49,48.43727875,-5,8,1018,"cv",1.34,0,0,2,"2"
"5/5/2014 2:00",98,97.70001984,-2,7,1018,"cv",1.79,0,0,3,"3"
"5/5/2014 3:00",73,72.69584656,-3,6,1018,"NW",1.79,0,0,2,"2"
"5/5/2014 4:00",51,50.92580795,-5,7,1018,"cv",0.45,0,0,2,"2"
"5/5/2014 5:00",31,30.4504776,-4,6,1019,"NE",3.13,0,0,1,"1"
"5/5/2014 6:00",43,42.072052,-2,8,1020,"NW",3.13,0,0,2,"2"
"5/5/2014 7:00",1,0.669556856,-4,11,1020,"NW",6.26,0,0,1,"1"
"5/5/2014 8:00",25,24.72178268,-7,14,1020,"NW",11.18,0,0,1,"1"
"5/5/2014 9:00",12,11.26033878,-9,16,1020,"NW",15.2,0,0,1,"1"
"5/5/2014 10:00",12,11.83705997,-10,16,1020,"NE",3.13,0,0,1,"1"
"5/5/2014 11:00",49,48.27179718,-11,16,1020,"cv",1.79,0,0,2,"2"
"5/5/2014 12:00",21,20.93011284,-10,18,1018,"cv",3.58,0,0,1,"1"
"5/5/2014 13:00",37,36.68264389,-9,19,1017,"cv",5.37,0,0,2,"2"
"5/5/2014 14:00",24,23.64709282,-9,21,1016,"NW",4.92,0,0,1,"1"
"5/5/2014 15:00",19,18.16023254,-9,21,1015,"NW",8.94,0,0,1,"1"
"5/5/2014 16:00",45,44.00217819,-8,19,1014,"SE",5.81,0,0,2,"2"
"5/5/2014 17:00",27,26.01655769,-8,20,1014,"SE",10.73,0,0,1,"1"
"5/5/2014 18:00",44,43.45048904,-7,19,1014,"SE",16.54,0,0,2,"2"
"5/5/2014 19:00",36,35.05475616,-6,18,1014,"SE",20.56,0,0,2,"2"
"5/5/2014 20:00",21,20.81779099,-4,15,1015,"SE",22.35,0,0,1,"1"
"5/5/2014 21:00",19,18.82645798,-4,14,1015,"SE",25.48,0,0,1,"1"
"5/5/2014 22:00",35,34.82343292,-3,14,1015,"SE",28.61,0,0,1,"1"
"5/5/2014 23:00",73,72.58000946,0,12,1015,"cv",0.89,0,0,2,"2"
"5/6/2014 0:00",59,58.24440765,-1,11,1015,"SE",1.79,0,0,2,"2"
"5/6/2014 1:00",35,34.62265778,0,11,1014,"SE",4.92,0,0,1,"1"
"5/6/2014 2:00",53,52.52688599,1,10,1014,"SE",6.71,0,0,2,"2"
"5/6/2014 3:00",48,47.00545502,0,10,1013,"SE",8.5,0,0,2,"2"
"5/6/2014 4:00",58,57.60852051,1,11,1013,"cv",0.89,0,0,2,"2"
"5/6/2014 5:00",61,60.41999817,1,10,1012,"cv",1.78,0,0,2,"2"
"5/6/2014 6:00",28,27.04191589,0,9,1012,"cv",2.67,0,0,1,"1"
"5/6/2014 7:00",42,41.53778839,0,13,1012,"NW",1.79,0,0,2,"2"
"5/6/2014 8:00",70,69.34123993,2,15,1011,"NW",4.92,0,0,2,"2"
"5/6/2014 9:00",87,86.13393402,3,16,1011,"SE",1.79,0,0,3,"3"
"5/6/2014 10:00",97,96.01568604,4,17,1010,"SE",4.92,0,0,3,"3"
"5/6/2014 11:00",96,95.61332703,3,19,1009,"cv",0.89,0,0,3,"3"
"5/6/2014 12:00",96,95.86183929,4,19,1008,"SE",1.79,0,0,3,"3"
"5/6/2014 13:00",115,114.7187195,5,21,1007,"cv",1.79,0,0,3,"3"
"5/6/2014 14:00",90,89.87832642,4,21,1006,"SE",3.13,0,0,3,"3"
"5/6/2014 15:00",117,116.706543,5,21,1005,"SE",7.15,0,0,3,"3"
"5/6/2014 16:00",92,91.55674744,6,20,1005,"SE",10.28,0,0,3,"3"
"5/6/2014 17:00",113,112.9506607,6,20,1004,"SE",12.07,0,0,3,"3"
"5/6/2014 18:00",96,95.13183594,6,19,1003,"cv",0.89,0,0,3,"3"
"5/6/2014 19:00",89,88.74846649,7,18,1004,"cv",1.78,0,0,3,"3"
"5/6/2014 20:00",100,99.10475159,8,17,1004,"NE",1.79,0,0,3,"3"
"5/6/2014 21:00",110,109.6713486,8,17,1004,"SE",1.79,0,0,3,"3"
"5/6/2014 22:00",132,131.0065918,7,17,1004,"cv",0.89,0,0,3,"3"
"5/6/2014 23:00",131,130.9449768,8,16,1003,"SE",3.13,0,1,3,"3"
"5/7/2014 0:00",119,118.9495468,8,15,1004,"cv",0.89,0,0,3,"3"
"5/7/2014 1:00",106,105.6124878,8,13,1003,"cv",1.78,0,0,3,"3"
"5/7/2014 2:00",120,119.2373123,8,12,1003,"cv",2.23,0,0,3,"3"
"5/7/2014 3:00",117,116.8587723,9,12,1002,"NE",0.89,0,0,3,"3"
"5/7/2014 4:00",122,121.8721161,8,11,1003,"NE",1.78,0,0,3,"3"
"5/7/2014 5:00",110,109.8222504,8,11,1003,"NW",1.79,0,0,3,"3"
"5/7/2014 6:00",109,108.2548141,8,12,1004,"cv",0.89,0,0,3,"3"
"5/7/2014 7:00",148,147.4485931,8,14,1005,"NW",1.79,0,0,3,"3"
"5/7/2014 8:00",148,147.0702972,8,18,1006,"NW",4.92,0,0,3,"3"
"5/7/2014 9:00",134,133.7498779,4,21,1006,"NW",9.84,0,0,3,"3"
"5/7/2014 10:00",109,108.6247406,3,22,1006,"NW",13.86,0,0,3,"3"
"5/7/2014 11:00",82,81.9227066,-1,23,1007,"NW",21.01,0,0,3,"3"
"5/7/2014 12:00",47,46.47880936,-3,24,1007,"NW",25.03,0,0,2,"2"
"5/7/2014 13:00",74,73.82004547,-4,26,1006,"NW",32.18,0,0,2,"2"
"5/7/2014 14:00",69,68.17754364,-6,27,1006,"NW",43.36,0,0,2,"2"
"5/7/2014 15:00",84,83.36606598,-6,27,1005,"NW",52.3,0,0,3,"3"
"5/7/2014 16:00",74,73.48123932,-7,26,1005,"NW",61.24,0,0,2,"2"
"5/7/2014 17:00",29,28.22732162,-6,26,1006,"NW",68.39,0,0,1,"1"
"5/7/2014 18:00",27,26.07998466,-6,24,1007,"NW",72.41,0,0,1,"1"
"5/7/2014 19:00",9,8.144241333,-4,21,1008,"NE",3.13,0,0,1,"1"
"5/7/2014 20:00",27,26.06751442,-2,20,1009,"NE",7.15,0,0,1,"1"
"5/7/2014 21:00",11,10.54774857,-3,18,1011,"SE",1.79,0,0,1,"1"
"5/7/2014 22:00",29,28.46234703,-2,17,1012,"SE",3.58,0,0,1,"1"
"5/7/2014 23:00",85,84.05471802,8,14,1013,"SE",4.47,0,0,3,"3"
"5/8/2014 0:00",96,95.34474182,9,12,1014,"cv",0.89,0,0,3,"3"
"5/8/2014 1:00",92,91.83090973,9,14,1014,"SE",3.13,0,0,3,"3"
"5/8/2014 2:00",117,116.7361069,10,13,1015,"SE",4.92,0,0,3,"3"
"5/8/2014 3:00",119,118.2176514,9,12,1015,"SE",5.81,0,0,3,"3"
"5/8/2014 4:00",104,103.2571182,9,10,1015,"SE",6.7,0,0,3,"3"
"5/8/2014 5:00",110,109.7579651,9,10,1015,"NE",0.89,0,0,3,"3"
"5/8/2014 6:00",111,110.6203766,9,11,1016,"NE",1.78,0,0,3,"3"
"5/8/2014 7:00",131,130.1464233,11,13,1016,"cv",0.89,0,0,3,"3"
"5/8/2014 8:00",119,118.9184265,11,16,1016,"cv",1.78,0,0,3,"3"
"5/8/2014 9:00",143,142.6326752,10,18,1016,"NE",1.79,0,0,3,"3"
"5/8/2014 10:00",100,99.41960907,10,20,1016,"cv",0.89,0,0,3,"3"
"5/8/2014 11:00",91,90.96382141,9,20,1016,"cv",2.68,0,0,3,"3"
"5/8/2014 12:00",74,73.71549988,7,22,1014,"SE",4.02,0,0,2,"2"
"5/8/2014 13:00",32,31.27778053,5,22,1013,"SE",8.04,0,0,1,"1"
"5/8/2014 14:00",29,28.3954792,5,23,1013,"SE",12.06,0,0,1,"1"
"5/8/2014 15:00",63,62.25133514,5,23,1012,"SE",17.87,0,0,2,"2"
"5/8/2014 16:00",59,58.80554581,5,23,1012,"SE",23.68,0,0,2,"2"
"5/8/2014 17:00",71,70.36895752,5,22,1011,"SE",27.7,0,0,2,"2"
"5/8/2014 18:00",80,79.01959991,5,21,1011,"SE",32.62,0,0,3,"3"
"5/8/2014 19:00",44,43.55934143,5,20,1012,"SE",37.54,0,0,2,"2"
"5/8/2014 20:00",83,82.21768188,4,19,1012,"SE",41.56,0,0,3,"3"
"5/8/2014 21:00",68,67.0012207,5,18,1013,"SE",45.58,0,0,2,"2"
"5/8/2014 22:00",67,66.28184509,5,18,1014,"SE",48.71,0,0,2,"2"
"5/8/2014 23:00",71,70.61559296,6,18,1015,"SE",51.84,0,0,2,"2"
"5/9/2014 0:00",67,66.31134033,6,17,1014,"SE",54.97,0,0,2,"2"
"5/9/2014 1:00",90,89.25228119,6,17,1014,"SE",56.76,0,0,3,"3"
"5/9/2014 2:00",71,70.39744568,6,17,1015,"cv",0.89,0,0,2,"2"
"5/9/2014 3:00",84,83.16049957,7,16,1015,"NE",0.89,0,0,3,"3"
"5/9/2014 4:00",68,67.51415253,6,16,1015,"cv",0.89,0,0,2,"2"
"5/9/2014 5:00",63,62.2863121,5,16,1014,"cv",1.78,0,0,2,"2"
"5/9/2014 6:00",52,51.00466156,6,16,1014,"cv",2.67,0,0,2,"2"
"5/9/2014 7:00",61,60.98478699,5,17,1015,"cv",3.56,0,0,2,"2"
"5/9/2014 8:00",86,85.75761414,4,17,1015,"SE",4.92,0,0,3,"3"
"5/9/2014 9:00",78,77.33490753,6,17,1015,"SE",8.94,0,0,3,"3"
"5/9/2014 10:00",84,83.92258453,7,17,1016,"SE",12.96,0,0,3,"3"
"5/9/2014 11:00",86,85.83553314,7,17,1016,"SE",17.88,0,0,3,"3"
"5/9/2014 12:00",65,64.50016022,7,17,1016,"SE",22.8,0,0,2,"2"
"5/9/2014 13:00",68,67.97833252,7,18,1015,"SE",27.72,0,0,2,"2"
"5/9/2014 14:00",59,58.81602478,7,19,1015,"SE",31.74,0,0,2,"2"
"5/9/2014 15:00",64,63.59025574,7,19,1014,"SE",33.53,0,0,2,"2"
"5/9/2014 16:00",57,56.10383224,4,21,1013,"SE",36.66,0,0,2,"2"
"5/9/2014 17:00",42,41.92662811,3,21,1013,"SE",41.58,0,0,2,"2"
"5/9/2014 18:00",40,39.87887192,4,20,1013,"SE",46.5,0,0,2,"2"
"5/9/2014 19:00",25,24.37184715,4,19,1014,"SE",51.42,0,0,1,"1"
"5/9/2014 20:00",37,36.44866943,4,18,1015,"SE",57.23,0,0,2,"2"
"5/9/2014 21:00",59,58.97210693,5,18,1015,"SE",62.15,0,0,2,"2"
"5/9/2014 22:00",64,63.75918579,5,17,1015,"SE",66.17,0,0,2,"2"
"5/9/2014 23:00",65,64.3455658,5,17,1016,"SE",67.96,0,0,2,"2"
"5/10/2014 0:00",63,62.22208023,5,17,1016,"SE",71.09,0,0,2,"2"
"5/10/2014 1:00",74,73.9654541,5,16,1016,"cv",0.89,0,0,2,"2"
"5/10/2014 2:00",74,73.37728119,5,16,1016,"SE",1.79,0,0,2,"2"
"5/10/2014 3:00",50,49.82765961,5,16,1015,"SE",4.92,0,0,2,"2"
"5/10/2014 4:00",28,27.16909981,5,15,1016,"SE",8.05,0,0,1,"1"
"5/10/2014 5:00",30,29.58334351,5,14,1016,"cv",0.89,0,0,1,"1"
"5/10/2014 6:00",47,46.45835876,6,14,1016,"cv",1.78,0,0,2,"2"
"5/10/2014 7:00",52,51.3568573,7,15,1017,"cv",2.67,0,0,2,"2"
"5/10/2014 8:00",47,46.11812592,6,16,1017,"SE",1.79,0,0,2,"2"
"5/10/2014 9:00",60,59.04244614,7,17,1017,"SE",6.71,0,0,2,"2"
"5/10/2014 10:00",56,55.93044281,7,17,1017,"SE",9.84,0,0,2,"2"
"5/10/2014 11:00",59,58.26021957,7,17,1017,"SE",12.97,0,0,2,"2"
"5/10/2014 12:00",61,60.20161819,7,18,1017,"NE",4.02,0,0,2,"2"
"5/10/2014 13:00",75,74.84850311,8,19,1016,"SE",1.79,0,0,2,"2"
"5/10/2014 14:00",57,56.18227005,7,19,1016,"SE",3.58,0,0,2,"2"
"5/10/2014 15:00",54,53.73159409,7,20,1015,"NE",1.79,0,0,2,"2"
"5/10/2014 16:00",48,47.65452957,7,20,1015,"NE",3.58,0,0,2,"2"
"5/10/2014 17:00",61,60.55595779,6,20,1015,"NE",5.37,0,0,2,"2"
"5/10/2014 18:00",80,79.91130066,8,19,1014,"SE",1.79,0,0,3,"3"
"5/10/2014 19:00",60,59.29623795,5,19,1014,"SE",4.92,0,0,2,"2"
"5/10/2014 20:00",52,51.04254913,3,19,1015,"SE",6.71,0,0,2,"2"
"5/10/2014 21:00",37,36.10060883,1,19,1016,"SE",10.73,0,0,2,"2"
"5/10/2014 22:00",56,55.82376862,3,17,1016,"SE",14.75,0,1,2,"2"
"5/10/2014 23:00",66,65.30763245,6,14,1017,"SE",16.54,0,2,2,"2"
"5/11/2014 0:00",59,58.7093544,9,12,1016,"NE",1.79,0,3,2,"2"
"5/11/2014 1:00",60,59.04067993,9,11,1015,"NE",4.92,0,4,2,"2"
"5/11/2014 2:00",61,60.38145447,9,10,1014,"NW",4.92,0,5,2,"2"
"5/11/2014 3:00",54,53.17146683,9,10,1012,"NW",8.94,0,6,2,"2"
"5/11/2014 4:00",42,41.75917435,9,10,1011,"NE",5.81,0,7,2,"2"
"5/11/2014 5:00",43,42.19257355,9,11,1011,"NE",10.73,0,8,2,"2"
"5/11/2014 6:00",42,41.75525665,10,11,1010,"NE",15.65,0,9,2,"2"
"5/11/2014 7:00",13,12.56008911,10,11,1009,"NE",19.67,0,10,1,"1"
"5/11/2014 8:00",20,19.64937592,10,11,1009,"NE",23.69,0,11,1,"1"
"5/11/2014 9:00",14,13.23203278,10,11,1009,"NE",27.71,0,12,1,"1"
"5/11/2014 10:00",31,30.28398705,10,11,1008,"NE",32.63,0,13,1,"1"
"5/11/2014 11:00",45,44.51343918,10,12,1007,"NW",4.92,0,14,2,"2"
"5/11/2014 12:00",27,26.46406364,10,12,1006,"NW",9.84,0,15,1,"1"
"5/11/2014 13:00",16,15.21464252,10,12,1005,"NW",14.76,0,16,1,"1"
"5/11/2014 14:00",21,20.25880432,10,13,1004,"NW",19.68,0,17,1,"1"
"5/11/2014 15:00",25,24.45571709,10,13,1003,"NW",23.7,0,18,1,"1"
"5/11/2014 16:00",12,11.85110855,10,14,1002,"NW",26.83,0,19,1,"1"
"5/11/2014 17:00",33,-2.901244164,9,14,1002,"NW",30.85,0,0,1,"1"
"5/11/2014 18:00",34,-1.310980797,9,14,1001,"NW",33.98,0,1,1,"1"
"5/11/2014 19:00",31,-4.909788609,9,14,1001,"SE",1.79,0,2,1,"1"
"5/11/2014 20:00",35,34.81066132,10,13,1001,"SE",4.92,0,3,1,"1"
"5/11/2014 21:00",39,38.8853569,10,13,1002,"SE",8.05,0,0,2,"2"
"5/11/2014 22:00",49,48.04348373,10,13,1002,"SE",11.18,0,0,2,"2"
"5/11/2014 23:00",46,45.72144699,10,13,1001,"SE",12.97,0,0,2,"2"
"5/12/2014 0:00",42,41.50585938,10,12,1001,"cv",0.89,0,0,2,"2"
"5/12/2014 1:00",29,28.84562111,10,11,1000,"SE",0.89,0,0,1,"1"
"5/12/2014 2:00",30,29.21318436,10,11,1000,"SE",2.68,0,0,1,"1"
"5/12/2014 3:00",32,31.95359993,10,11,1000,"cv",0.89,0,0,1,"1"
"5/12/2014 4:00",38,37.92618561,9,10,1000,"cv",1.34,0,0,2,"2"
"5/12/2014 5:00",17,16.13513374,8,9,1000,"NW",0.89,0,0,1,"1"
"5/12/2014 6:00",31,30.21661377,10,11,1001,"NW",2.68,0,0,1,"1"
"5/12/2014 7:00",64,63.60289383,12,13,1002,"NW",4.47,0,0,2,"2"
"5/12/2014 8:00",62,61.81242371,12,16,1002,"cv",0.89,0,0,2,"2"
"5/12/2014 9:00",72,71.12848663,11,19,1002,"cv",1.78,0,0,2,"2"
"5/12/2014 10:00",63,62.27184677,10,23,1002,"NW",1.79,0,0,2,"2"
"5/12/2014 11:00",24,23.28300095,5,26,1002,"NW",6.71,0,0,1,"1"
"5/12/2014 12:00",7,6.814173698,3,28,1001,"NW",12.52,0,0,1,"1"
"5/12/2014 13:00",32,-3.253707409,6,29,1000,"SE",8.05,0,0,1,"1"
"5/12/2014 14:00",24,-11.43506336,5,29,1000,"SE",15.2,0,0,1,"1"
"5/12/2014 15:00",33,-2.112150192,6,30,999,"SE",23.25,0,0,1,"1"
"5/12/2014 16:00",13,12.95880985,7,29,999,"SE",31.3,0,0,1,"1"
"5/12/2014 17:00",27,26.29906845,9,29,999,"SE",37.11,0,0,1,"1"
"5/12/2014 18:00",20,19.10487366,9,28,998,"SE",44.26,0,0,1,"1"
"5/12/2014 19:00",38,37.76226044,10,27,999,"SE",50.07,0,0,2,"2"
"5/12/2014 20:00",39,38.25680542,11,26,999,"SE",55.88,0,0,2,"2"
"5/12/2014 21:00",56,55.18837738,12,25,1000,"SE",60.8,0,0,2,"2"
"5/12/2014 22:00",38,37.355896,11,25,1000,"SE",66.61,0,0,2,"2"
"5/12/2014 23:00",38,37.2690506,9,24,1001,"SE",70.63,0,0,2,"2"
"5/13/2014 0:00",8,7.210990906,7,23,1000,"SE",73.76,0,0,1,"1"
"5/13/2014 1:00",17,16.45191765,9,19,1000,"SE",75.55,0,0,1,"1"
"5/13/2014 2:00",35,34.5440979,10,16,1000,"cv",0.89,0,0,1,"1"
"5/13/2014 3:00",7,6.841862679,9,13,1000,"NW",0.89,0,0,1,"1"
"5/13/2014 4:00",40,39.89987946,10,13,1000,"cv",0.45,0,0,2,"2"
"5/13/2014 5:00",34,33.11876297,11,12,1000,"cv",1.34,0,0,1,"1"
"5/13/2014 6:00",58,57.66844177,12,13,1001,"NW",0.89,0,0,2,"2"
"5/13/2014 7:00",53,52.24847794,14,16,1001,"NW",1.78,0,0,2,"2"
"5/13/2014 8:00",92,91.45475006,12,19,1001,"NE",1.79,0,0,3,"3"
"5/13/2014 9:00",92,91.89723969,12,21,1001,"SE",1.79,0,0,3,"3"
"5/13/2014 10:00",86,85.81860352,12,22,1001,"SE",3.58,0,0,3,"3"
"5/13/2014 11:00",103,102.0433655,12,25,1000,"cv",0.89,0,0,3,"3"
"5/13/2014 12:00",89,88.1389389,12,26,1000,"NE",1.79,0,0,3,"3"
"5/13/2014 13:00",91,90.51152802,10,29,999,"NW",3.13,0,0,3,"3"
"5/13/2014 14:00",54,53.7308197,8,30,999,"NW",8.05,0,0,2,"2"
"5/13/2014 15:00",19,18.47156525,1,30,998,"NW",16.99,0,0,1,"1"
"5/13/2014 16:00",24,-11.09679604,-1,31,998,"NW",29.06,0,0,1,"1"
"5/13/2014 17:00",16,15.07994461,0,30,997,"NW",38,0,0,1,"1"
"5/13/2014 18:00",29,-6.574176788,-2,29,997,"NW",46.94,0,0,1,"1"
"5/13/2014 19:00",14,-21.26831627,-2,28,998,"NW",51.86,0,0,1,"1"
"5/13/2014 20:00",24,-11.8077507,-3,27,1000,"NW",57.67,0,0,1,"1"
"5/13/2014 21:00",3,2.112264156,-4,24,1001,"NW",64.82,0,0,1,"1"
"5/13/2014 22:00",24,23.3556881,-5,22,1003,"NW",71.97,0,0,1,"1"
"5/13/2014 23:00",5,4.837650776,-7,22,1003,"NW",81.8,0,0,1,"1"
"5/14/2014 0:00",27,26.2765255,-5,20,1004,"NW",91.63,0,0,1,"1"
"5/14/2014 1:00",15,14.79618359,-5,19,1004,"NW",98.78,0,0,1,"1"
"5/14/2014 2:00",8,7.645976067,-4,18,1004,"NW",106.83,0,0,1,"1"
"5/14/2014 3:00",16,15.86171246,-3,18,1005,"NW",114.88,0,0,1,"1"
"5/14/2014 4:00",31,30.86616135,-2,18,1005,"NW",126.95,0,0,1,"1"
"5/14/2014 5:00",26,25.07374001,-1,18,1006,"NW",136.78,0,0,1,"1"
"5/14/2014 6:00",9,8.309671402,-1,18,1006,"NW",144.83,0,0,1,"1"
"5/14/2014 7:00",28,-7.427462578,-2,19,1007,"NW",153.77,0,0,1,"1"
"5/14/2014 8:00",34,-1.849673748,-2,19,1007,"NW",164.95,0,0,1,"1"
"5/14/2014 9:00",27,26.05947304,-2,20,1007,"NW",176.13,0,0,1,"1"
"5/14/2014 10:00",10,9.814905167,-1,21,1007,"NW",187.31,0,0,1,"1"
"5/14/2014 11:00",8,7.528547764,-1,22,1007,"NW",196.25,0,0,1,"1"
"5/14/2014 12:00",10,9.285887718,0,20,1007,"NW",203.4,0,0,1,"1"
"5/14/2014 13:00",6,5.427052498,-1,22,1006,"NW",210.55,0,0,1,"1"
"5/14/2014 14:00",7,6.516701698,-1,22,1006,"NW",217.7,0,0,1,"1"
"5/14/2014 15:00",5,4.455555439,-1,22,1005,"NW",223.51,0,0,1,"1"
"5/14/2014 16:00",18,17.15582275,-2,22,1004,"cv",4.02,0,0,1,"1"
"5/14/2014 17:00",34,-1.660668373,-3,22,1003,"cv",4.91,0,0,1,"1"
"5/14/2014 18:00",14,13.28160191,-2,22,1003,"SE",1.79,0,0,1,"1"
"5/14/2014 19:00",37,36.88921738,2,18,1003,"cv",0.89,0,0,2,"2"
"5/14/2014 20:00",35,34.55539322,5,14,1004,"cv",1.78,0,0,1,"1"
"5/14/2014 21:00",29,28.01881599,-1,19,1004,"SE",4.02,0,0,1,"1"
"5/14/2014 22:00",13,12.1278801,-2,19,1004,"SE",8.04,0,0,1,"1"
"5/14/2014 23:00",47,46.67760086,2,13,1003,"cv",0.89,0,0,2,"2"
"5/15/2014 0:00",3,2.788381338,4,11,1003,"cv",1.78,0,0,1,"1"
"5/15/2014 1:00",29,28.7072258,5,11,1002,"cv",2.67,0,0,1,"1"
"5/15/2014 2:00",92,91.89307404,5,11,1001,"NE",1.79,0,0,3,"3"
"5/15/2014 3:00",78,77.07529449,6,10,1001,"cv",0.89,0,0,3,"3"
"5/15/2014 4:00",76,75.7720871,5,10,1001,"cv",1.78,0,0,3,"3"
"5/15/2014 5:00",20,19.36419868,4,8,1001,"NW",3.13,0,0,1,"1"
"5/15/2014 6:00",93,92.97834778,6,11,1002,"NW",6.26,0,0,3,"3"
"5/15/2014 7:00",49,48.18047333,5,15,1002,"NW",9.39,0,0,2,"2"
"5/15/2014 8:00",29,28.59252357,4,18,1002,"NW",11.18,0,0,1,"1"
"5/15/2014 9:00",58,57.46828079,3,20,1002,"NE",1.79,0,0,2,"2"
"5/15/2014 10:00",59,58.64633179,5,23,1001,"NE",3.58,0,0,2,"2"
"5/15/2014 11:00",48,47.91940308,0,25,1001,"NE",5.37,0,0,2,"2"
"5/15/2014 12:00",58,57.08919907,0,27,1000,"SE",3.13,0,0,2,"2"
"5/15/2014 13:00",52,51.11826324,1,28,999,"SE",7.15,0,0,2,"2"
"5/15/2014 14:00",70,69.30664063,2,29,999,"SE",11.17,0,0,2,"2"
"5/15/2014 15:00",61,60.58627319,0,29,998,"SE",16.98,0,0,2,"2"
"5/15/2014 16:00",93,92.15742493,1,28,997,"SE",22.79,0,0,3,"3"
"5/15/2014 17:00",122,121.2096176,3,28,998,"SE",25.92,0,0,3,"3"
"5/15/2014 18:00",99,98.49850464,5,27,997,"SE",29.05,0,0,3,"3"
"5/15/2014 19:00",76,75.49934387,3,27,998,"SE",33.07,0,0,3,"3"
"5/15/2014 20:00",63,62.84932327,4,26,999,"SE",38.88,0,0,2,"2"
"5/15/2014 21:00",81,80.92290497,6,24,999,"SE",42.01,0,0,3,"3"
"5/15/2014 22:00",95,94.51293945,7,22,1000,"SE",45.14,0,0,3,"3"
"5/15/2014 23:00",69,68.63406372,6,21,1001,"NE",4.02,0,0,2,"2"
"5/16/2014 0:00",83,82.86679077,4,21,1001,"SE",1.79,0,0,3,"3"
"5/16/2014 1:00",127,126.411377,5,19,1001,"cv",0.89,0,0,3,"3"
"5/16/2014 2:00",108,107.0329819,6,18,1002,"NW",4.02,0,0,3,"3"
"5/16/2014 3:00",61,60.10180664,7,16,1002,"SE",0.89,0,0,2,"2"
"5/16/2014 4:00",45,44.41085052,8,14,1003,"cv",0.89,0,0,2,"2"
"5/16/2014 5:00",73,72.70346069,7,14,1004,"NE",1.79,0,0,2,"2"
"5/16/2014 6:00",65,64.66600037,9,16,1005,"NW",3.13,0,0,2,"2"
"5/16/2014 7:00",45,44.74712753,5,22,1006,"NW",6.26,0,0,2,"2"
"5/16/2014 8:00",38,37.80381775,3,23,1007,"NE",4.02,0,0,2,"2"
"5/16/2014 9:00",41,40.26213837,2,25,1008,"NE",11.17,0,0,2,"2"
"5/16/2014 10:00",180,179.5747375,4,26,1008,"NE",15.19,0,0,4,"4"
"5/16/2014 11:00",84,83.69334412,4,27,1008,"NE",19.21,0,0,3,"3"
"5/16/2014 12:00",71,70.21855164,3,27,1008,"SE",4.02,0,0,2,"2"
"5/16/2014 13:00",4,3.066679716,1,30,1008,"NW",4.02,0,0,1,"1"
"5/16/2014 14:00",52,51.352314,2,29,1007,"NE",3.13,0,0,2,"2"
"5/16/2014 15:00",9,8.288703918,1,29,1007,"NE",4.92,0,0,1,"1"
"5/16/2014 16:00",32,31.26708412,2,29,1006,"SE",3.13,0,0,1,"1"
"5/16/2014 17:00",39,38.55153275,3,29,1007,"NE",1.79,0,0,2,"2"
"5/16/2014 18:00",30,29.46104813,1,28,1007,"SE",3.13,0,0,1,"1"
"5/16/2014 19:00",10,9.252666473,5,26,1008,"SE",7.15,0,0,1,"1"
"5/16/2014 20:00",13,12.52849388,6,25,1009,"SE",12.07,0,0,1,"1"
"5/16/2014 21:00",39,38.80859756,5,23,1011,"SE",19.22,0,0,2,"2"
"5/16/2014 22:00",27,26.25173187,4,22,1012,"SE",24.14,0,0,1,"1"
"5/16/2014 23:00",86,85.24256897,6,20,1013,"SE",25.93,0,0,3,"3"
"5/17/2014 0:00",82,81.21257019,6,18,1013,"cv",0.89,0,0,3,"3"
"5/17/2014 1:00",63,62.61010361,6,18,1013,"cv",1.78,0,0,2,"2"
"5/17/2014 2:00",60,59.47530746,5,18,1013,"SE",1.79,0,0,2,"2"
"5/17/2014 3:00",100,99.16094208,6,16,1013,"cv",0.45,0,0,3,"3"
"5/17/2014 4:00",40,39.00163651,7,15,1013,"NE",0.89,0,0,2,"2"
"5/17/2014 5:00",30,29.92637825,8,15,1013,"NE",1.78,0,0,1,"1"
"5/17/2014 6:00",94,93.48724365,8,15,1014,"NE",2.67,0,0,3,"3"
"5/17/2014 7:00",21,20.3566227,9,18,1014,"NW",1.79,0,0,1,"1"
"5/17/2014 8:00",103,102.2220993,7,21,1015,"NW",4.92,0,0,3,"3"
"5/17/2014 9:00",85,84.01290131,5,22,1015,"cv",0.89,0,0,3,"3"
"5/17/2014 10:00",76,75.69542694,6,23,1015,"SE",1.79,0,0,3,"3"
"5/17/2014 11:00",122,121.0131683,7,25,1014,"cv",1.79,0,0,3,"3"
"5/17/2014 12:00",96,95.29734802,5,26,1013,"SE",4.02,0,0,3,"3"
"5/17/2014 13:00",91,90.099823,5,28,1012,"SE",9.83,0,0,3,"3"
"5/17/2014 14:00",59,58.44272232,5,28,1011,"SE",15.64,0,0,2,"2"
"5/17/2014 15:00",74,73.80754852,5,28,1010,"SE",21.45,0,0,2,"2"
"5/17/2014 16:00",63,62.79771042,5,28,1009,"SE",28.6,0,0,2,"2"
"5/17/2014 17:00",64,63.76463699,5,28,1009,"SE",35.75,0,0,2,"2"
"5/17/2014 18:00",44,43.60938644,5,27,1009,"SE",39.77,0,0,2,"2"
"5/17/2014 19:00",32,31.63022423,5,25,1010,"SE",43.79,0,0,1,"1"
"5/17/2014 20:00",40,39.00792313,5,24,1012,"SE",45.58,0,0,2,"2"
"5/17/2014 21:00",55,54.71650314,7,22,1012,"SE",47.37,0,1,2,"2"
"5/17/2014 22:00",48,47.91051102,7,21,1012,"SE",49.16,0,0,2,"2"
"5/17/2014 23:00",28,27.03565025,6,21,1011,"SE",52.29,0,0,1,"1"
"5/18/2014 0:00",24,23.0215168,6,20,1011,"SE",54.08,0,0,1,"1"
"5/18/2014 1:00",29,28.23176384,7,18,1011,"SE",55.87,0,0,1,"1"
"5/18/2014 2:00",63,62.83740616,7,17,1011,"SE",57.66,0,0,2,"2"
"5/18/2014 3:00",78,77.91821289,7,15,1010,"cv",0.89,0,0,3,"3"
"5/18/2014 4:00",79,78.35215759,8,14,1010,"SE",0.89,0,0,3,"3"
"5/18/2014 5:00",58,57.32174683,8,13,1010,"NE",0.89,0,0,2,"2"
"5/18/2014 6:00",50,49.24556732,8,16,1011,"cv",0.89,0,0,2,"2"
"5/18/2014 7:00",60,59.93610764,8,18,1011,"NE",0.89,0,0,2,"2"
"5/18/2014 8:00",103,102.4671631,9,21,1011,"cv",0.89,0,0,3,"3"
"5/18/2014 9:00",94,93.49428558,8,22,1011,"SE",1.79,0,0,3,"3"
"5/18/2014 10:00",103,102.0730438,8,25,1010,"cv",0.89,0,0,3,"3"
"5/18/2014 11:00",102,101.2334061,9,26,1010,"cv",1.78,0,0,3,"3"
"5/18/2014 12:00",107,106.5963593,9,27,1009,"cv",2.67,0,0,3,"3"
"5/18/2014 13:00",129,128.2503204,10,29,1008,"SE",4.02,0,0,3,"3"
"5/18/2014 14:00",181,180.4246826,10,30,1007,"SE",8.94,0,0,4,"4"
"5/18/2014 15:00",134,133.4174347,10,30,1006,"SE",14.75,0,0,3,"3"
"5/18/2014 16:00",133,132.1692047,10,30,1005,"SE",20.56,0,0,3,"3"
"5/18/2014 17:00",84,83.59220123,11,30,1004,"SE",27.71,0,0,3,"3"
"5/18/2014 18:00",93,92.47167969,12,29,1005,"SE",32.63,0,0,3,"3"
"5/18/2014 19:00",124,123.1283951,14,28,1005,"SE",37.55,0,0,3,"3"
"5/18/2014 20:00",149,148.3973846,13,28,1006,"SE",41.57,0,0,3,"3"
"5/18/2014 21:00",137,136.0045319,13,27,1006,"SE",44.7,0,0,3,"3"
"5/18/2014 22:00",126,125.498764,13,26,1006,"SE",49.62,0,1,3,"3"
"5/18/2014 23:00",103,102.6342239,13,25,1006,"SE",51.41,0,0,3,"3"
"5/19/2014 0:00",105,104.9976959,13,24,1006,"SE",53.2,0,0,3,"3"
"5/19/2014 1:00",114,113.9005661,14,20,1007,"NE",4.92,0,0,3,"3"
"5/19/2014 2:00",112,111.1055374,14,20,1006,"NW",4.02,0,1,3,"3"
"5/19/2014 3:00",111,110.0490036,15,18,1008,"NW",8.94,0,3,3,"3"
"5/19/2014 4:00",79,78.65647888,16,17,1008,"NE",3.13,0,5,3,"3"
"5/19/2014 5:00",81,80.81594086,16,17,1007,"cv",0.89,0,0,3,"3"
"5/19/2014 6:00",95,94.66178894,16,17,1007,"cv",2.68,0,1,3,"3"
"5/19/2014 7:00",84,83.94975281,17,18,1006,"cv",4.47,0,0,3,"3"
"5/19/2014 8:00",72,71.19264221,16,19,1007,"NW",1.79,0,0,2,"2"
"5/19/2014 9:00",97,96.25512695,17,21,1006,"cv",0.89,0,0,3,"3"
"5/19/2014 10:00",105,104.2427292,16,22,1006,"SE",1.79,0,0,3,"3"
"5/19/2014 11:00",76,75.68225861,16,24,1005,"SE",4.92,0,0,3,"3"
"5/19/2014 12:00",150,149.3287659,16,24,1005,"SE",8.05,0,0,3,"3"
"5/19/2014 13:00",161,160.8961487,16,25,1004,"SE",11.18,0,0,4,"4"
"5/19/2014 14:00",156,155.7343292,16,26,1003,"SE",12.97,0,0,4,"4"
"5/19/2014 15:00",163,162.5404358,15,28,1002,"SE",16.99,0,0,4,"4"
"5/19/2014 16:00",132,131.9257202,15,28,1001,"SE",21.01,0,0,3,"3"
"5/19/2014 17:00",141,140.3455048,14,28,1001,"SE",25.03,0,0,3,"3"
"5/19/2014 18:00",104,103.6442032,14,28,1001,"SE",26.82,0,0,3,"3"
"5/19/2014 19:00",140,139.4243927,16,26,1002,"SE",28.61,0,0,3,"3"
"5/19/2014 20:00",108,107.0176392,16,23,1002,"cv",0.89,0,0,3,"3"
"5/19/2014 21:00",110,109.7297058,16,23,1003,"SE",1.79,0,0,3,"3"
"5/19/2014 22:00",140,139.9730377,16,22,1003,"cv",0.89,0,0,3,"3"
"5/19/2014 23:00",139,138.3328094,16,21,1003,"cv",1.78,0,0,3,"3"
"5/20/2014 0:00",168,167.0485382,16,21,1003,"cv",2.67,0,0,4,"4"
"5/20/2014 1:00",166,165.9505463,16,20,1003,"cv",3.56,0,0,4,"4"
"5/20/2014 2:00",200,199.65625,16,20,1003,"cv",4.01,0,0,4,"4"
"5/20/2014 3:00",201,200.4069519,16,19,1003,"cv",4.9,0,0,4,"4"
"5/20/2014 4:00",203,202.9599915,15,18,1003,"NW",1.79,0,0,4,"4"
"5/20/2014 5:00",167,166.8472595,14,20,1004,"NE",4.92,0,0,4,"4"
"5/20/2014 6:00",145,144.0215302,12,20,1004,"NE",8.94,0,0,3,"3"
"5/20/2014 7:00",107,106.9373169,10,22,1005,"NE",13.86,0,0,3,"3"
"5/20/2014 8:00",42,41.49921417,8,23,1005,"NE",18.78,0,0,2,"2"
"5/20/2014 9:00",32,31.40481567,8,25,1006,"NE",23.7,0,0,1,"1"
"5/20/2014 10:00",9,8.188951492,8,26,1006,"NE",28.62,0,0,1,"1"
"5/20/2014 11:00",31,30.01719856,8,28,1005,"NE",32.64,0,0,1,"1"
"5/20/2014 12:00",9,8.742912292,9,29,1005,"SE",3.13,0,0,1,"1"
"5/20/2014 13:00",13,12.01944351,7,30,1004,"cv",0.89,0,0,1,"1"
"5/20/2014 14:00",4,3.412729025,6,31,1003,"cv",2.68,0,0,1,"1"
"5/20/2014 15:00",16,15.61486053,8,31,1003,"NE",1.79,0,0,1,"1"
"5/20/2014 16:00",18,17.30005646,8,32,1002,"SE",1.79,0,0,1,"1"
"5/20/2014 17:00",24,23.91744041,9,31,1002,"SE",4.92,0,0,1,"1"
"5/20/2014 18:00",17,16.4846611,7,31,1002,"SE",8.94,0,0,1,"1"
"5/20/2014 19:00",12,11.33874607,8,28,1002,"SE",12.07,0,0,1,"1"
"5/20/2014 20:00",57,56.24530411,15,26,1004,"SE",16.99,0,0,2,"2"
"5/20/2014 21:00",42,41.95825958,13,23,1005,"SE",21.91,0,0,2,"2"
"5/20/2014 22:00",115,114.339119,12,22,1006,"SE",26.83,0,0,3,"3"
"5/20/2014 23:00",101,100.8844833,10,21,1007,"SE",28.62,0,0,3,"3"
"5/21/2014 0:00",121,120.9761505,11,20,1006,"SE",31.75,0,0,3,"3"
"5/21/2014 1:00",94,93.27230072,12,19,1007,"cv",0.89,0,0,3,"3"
"5/21/2014 2:00",65,64.20793915,12,19,1006,"SE",1.79,0,0,2,"2"
"5/21/2014 3:00",64,63.0684166,11,18,1005,"cv",0.89,0,0,2,"2"
"5/21/2014 4:00",76,75.0322113,12,17,1006,"cv",1.78,0,0,3,"3"
"5/21/2014 5:00",71,70.20022583,12,16,1006,"NE",0.89,0,0,2,"2"
"5/21/2014 6:00",79,78.32512665,13,17,1007,"cv",0.89,0,0,3,"3"
"5/21/2014 7:00",90,89.38526917,13,19,1007,"cv",1.78,0,0,3,"3"
"5/21/2014 8:00",85,84.92177582,12,22,1007,"NW",3.13,0,0,3,"3"
"5/21/2014 9:00",102,101.8806,13,23,1008,"NW",6.26,0,0,3,"3"
"5/21/2014 10:00",84,83.27936554,13,24,1007,"cv",0.89,0,0,3,"3"
"5/21/2014 11:00",100,99.60760498,13,26,1006,"cv",2.68,0,0,3,"3"
"5/21/2014 12:00",111,110.5588913,13,27,1006,"cv",4.47,0,0,3,"3"
"5/21/2014 13:00",100,99.12140656,14,29,1005,"cv",6.26,0,0,3,"3"
"5/21/2014 14:00",92,91.74226379,13,30,1004,"SE",3.13,0,0,3,"3"
"5/21/2014 15:00",95,94.26838684,14,30,1003,"SE",6.26,0,0,3,"3"
"5/21/2014 16:00",114,113.846962,15,31,1003,"SE",10.28,0,0,3,"3"
"5/21/2014 17:00",135,134.7729492,15,31,1003,"SE",16.09,0,0,3,"3"
"5/21/2014 18:00",148,147.8773346,15,30,1003,"SE",19.22,0,0,3,"3"
"5/21/2014 19:00",143,142.6971741,17,28,1003,"SE",21.01,0,0,3,"3"
"5/21/2014 20:00",142,141.1244659,16,27,1004,"SE",22.8,0,0,3,"3"
"5/21/2014 21:00",147,146.2508698,16,26,1005,"SE",24.59,0,0,3,"3"
"5/21/2014 22:00",165,164.4277039,16,25,1005,"SE",26.38,0,0,4,"4"
"5/21/2014 23:00",154,153.2568665,16,24,1005,"SE",28.17,0,0,4,"4"
"5/22/2014 0:00",148,147.6724548,16,23,1005,"SE",31.3,0,0,3,"3"
"5/22/2014 1:00",146,145.4231415,15,23,1005,"SE",33.09,0,0,3,"3"
"5/22/2014 2:00",156,155.1820374,15,22,1005,"SE",34.88,0,0,4,"4"
"5/22/2014 3:00",175,174.8312836,15,20,1005,"cv",0.89,0,0,4,"4"
"5/22/2014 4:00",187,186.2332153,16,20,1005,"SE",3.13,0,0,4,"4"
"5/22/2014 5:00",188,187.1342621,16,19,1005,"cv",0.89,0,0,4,"4"
"5/22/2014 6:00",220,219.8668671,17,20,1006,"SE",0.89,0,0,4,"4"
"5/22/2014 7:00",243,242.6380005,18,21,1007,"cv",0.89,0,0,4,"4"
"5/22/2014 8:00",272,271.4658203,18,23,1007,"SE",1.79,0,0,4,"4"
"5/22/2014 9:00",269,268.7695007,18,25,1008,"cv",0.89,0,0,4,"4"
"5/22/2014 10:00",272,271.5858154,18,27,1007,"SE",1.79,0,0,4,"4"
"5/22/2014 11:00",259,258.5121765,18,29,1007,"SE",4.92,0,0,4,"4"
"5/22/2014 12:00",226,225.7573242,17,31,1007,"SE",9.84,0,0,4,"4"
"5/22/2014 13:00",181,180.2051086,15,33,1006,"SE",13.86,0,0,4,"4"
"5/22/2014 14:00",80,79.01580811,8,35,1006,"SE",21.01,0,0,3,"3"
"5/22/2014 15:00",64,63.16933823,9,35,1005,"SE",28.16,0,0,2,"2"
"5/22/2014 16:00",38,37.21696472,9,34,1005,"SE",36.21,0,0,2,"2"
"5/22/2014 17:00",37,36.95933533,9,34,1005,"SE",43.36,0,0,2,"2"
"5/22/2014 18:00",51,50.98483276,8,33,1005,"SE",49.17,0,0,2,"2"
"5/22/2014 19:00",49,48.83672333,9,31,1006,"SE",53.19,0,0,2,"2"
"5/22/2014 20:00",62,61.99424362,10,28,1006,"SE",56.32,0,0,2,"2"
"5/22/2014 21:00",83,82.04914856,12,27,1007,"SE",58.11,0,0,3,"3"
"5/22/2014 22:00",75,74.38421631,12,27,1008,"SE",61.24,0,0,2,"2"
"5/22/2014 23:00",90,89.92753601,11,28,1008,"SE",64.37,0,0,3,"3"
"5/23/2014 0:00",86,85.71868896,14,23,1009,"SE",66.16,0,0,3,"3"
"5/23/2014 1:00",80,79.37162781,12,24,1009,"SE",69.29,0,0,3,"3"
"5/23/2014 2:00",71,70.06581116,12,24,1010,"SE",72.42,0,0,2,"2"
"5/23/2014 3:00",110,109.7631073,13,24,1010,"SE",75.55,0,0,3,"3"
"5/23/2014 4:00",92,91.26934814,14,22,1010,"SE",77.34,0,0,3,"3"
"5/23/2014 5:00",92,91.5977478,14,21,1010,"NW",1.79,0,0,3,"3"
"5/23/2014 6:00",97,96.48551941,15,22,1010,"SE",1.79,0,0,3,"3"
"5/23/2014 7:00",127,126.5938416,16,24,1011,"cv",0.89,0,0,3,"3"
"5/23/2014 8:00",127,126.6914825,15,26,1011,"SE",1.79,0,0,3,"3"
"5/23/2014 9:00",115,114.440239,15,29,1011,"SE",3.58,0,0,3,"3"
"5/23/2014 10:00",92,91.15184021,13,31,1011,"SE",9.39,0,0,3,"3"
"5/23/2014 11:00",105,104.0925293,13,32,1011,"SE",16.54,0,0,3,"3"
"5/23/2014 12:00",81,80.39115143,12,34,1010,"SE",22.35,0,0,3,"3"
"5/23/2014 13:00",71,70.96886444,10,34,1010,"SE",29.5,0,0,2,"2"
"5/23/2014 14:00",67,66.42370605,11,33,1010,"SE",36.65,0,0,2,"2"
"5/23/2014 15:00",45,44.33927536,11,34,1009,"SE",43.8,0,0,2,"2"
"5/23/2014 16:00",58,57.47516251,10,33,1008,"SE",48.72,0,0,2,"2"
"5/23/2014 17:00",51,50.41723251,11,32,1008,"SE",53.64,0,0,2,"2"
"5/23/2014 18:00",73,72.8902359,12,31,1008,"SE",56.77,0,0,2,"2"
"5/23/2014 19:00",76,75.1309433,12,30,1009,"SE",59.9,0,0,3,"3"
"5/23/2014 20:00",80,79.70303345,15,27,1009,"cv",0.89,0,0,3,"3"
"5/23/2014 21:00",93,92.30171967,15,27,1009,"SE",3.13,0,0,3,"3"
"5/23/2014 22:00",77,76.6280365,14,28,1009,"SE",8.05,0,0,3,"3"
"5/23/2014 23:00",108,107.5781555,15,26,1009,"SE",11.18,0,0,3,"3"
"5/24/2014 0:00",89,88.44125366,15,26,1008,"SE",15.2,0,0,3,"3"
"5/24/2014 1:00",116,115.307373,15,26,1008,"SE",18.33,0,0,3,"3"
"5/24/2014 2:00",114,113.9772873,15,24,1008,"NE",1.79,0,0,3,"3"
"5/24/2014 3:00",115,114.1220016,15,24,1008,"SE",1.79,0,0,3,"3"
"5/24/2014 4:00",95,94.99173737,15,23,1007,"SE",4.92,0,1,3,"3"
"5/24/2014 5:00",110,109.3094025,17,21,1008,"SE",8.05,0,3,3,"3"
"5/24/2014 6:00",100,99.41902924,17,19,1008,"SE",9.84,0,5,3,"3"
"5/24/2014 7:00",100,99.49168396,17,19,1008,"SE",12.97,0,6,3,"3"
"5/24/2014 8:00",115,114.495079,18,19,1008,"SE",14.76,0,7,3,"3"
"5/24/2014 9:00",114,113.238472,18,19,1008,"SE",17.89,0,0,3,"3"
"5/24/2014 10:00",105,104.5269623,18,20,1008,"SE",19.68,0,0,3,"3"
"5/24/2014 11:00",105,104.9023285,18,20,1008,"SE",22.81,0,1,3,"3"
"5/24/2014 12:00",118,117.0271683,18,20,1008,"SE",24.6,0,0,3,"3"
"5/24/2014 13:00",126,125.52211,19,20,1008,"SE",27.73,0,0,3,"3"
"5/24/2014 14:00",113,112.7325211,19,20,1007,"SE",29.52,0,0,3,"3"
"5/24/2014 15:00",95,94.07917786,19,21,1007,"NE",1.79,0,0,3,"3"
"5/24/2014 16:00",100,99.94311523,19,21,1007,"SE",3.13,0,0,3,"3"
"5/24/2014 17:00",129,128.5775146,19,20,1007,"SE",6.26,0,0,3,"3"
"5/24/2014 18:00",121,120.5810852,18,20,1007,"SE",8.05,0,0,3,"3"
"5/24/2014 19:00",101,100.5803528,18,20,1008,"SE",11.18,0,0,3,"3"
"5/24/2014 20:00",108,107.8470383,18,20,1008,"SE",14.31,0,0,3,"3"
"5/24/2014 21:00",98,97.61053467,18,20,1009,"SE",16.1,0,0,3,"3"
"5/24/2014 22:00",93,92.28964996,18,19,1009,"SE",17.89,0,0,3,"3"
"5/24/2014 23:00",97,96.33757019,18,19,1009,"SE",19.68,0,0,3,"3"
"5/25/2014 0:00",105,104.8127823,18,19,1009,"SE",21.47,0,0,3,"3"
"5/25/2014 1:00",116,115.4884415,18,19,1008,"cv",0.89,0,0,3,"3"
"5/25/2014 2:00",111,110.4754944,18,19,1008,"SE",1.79,0,0,3,"3"
"5/25/2014 3:00",118,117.5314255,18,19,1008,"SE",3.58,0,0,3,"3"
"5/25/2014 4:00",128,127.421196,18,19,1007,"SE",4.47,0,0,3,"3"
"5/25/2014 5:00",137,136.8454742,18,19,1007,"cv",0.89,0,0,3,"3"
"5/25/2014 6:00",132,131.3991089,18,19,1007,"cv",1.78,0,0,3,"3"
"5/25/2014 7:00",142,141.9294281,19,20,1008,"NW",1.79,0,0,3,"3"
"5/25/2014 8:00",123,122.078598,19,21,1008,"cv",0.89,0,0,3,"3"
"5/25/2014 9:00",64,63.18531036,3,24,1007,"NW",8.05,0,0,2,"2"
"5/25/2014 10:00",93,92.30725098,3,26,1007,"NW",16.1,0,0,3,"3"
"5/25/2014 11:00",111,110.0940552,3,27,1007,"NW",27.28,0,0,3,"3"
"5/25/2014 12:00",61,60.31082916,2,28,1006,"NW",38.46,0,0,2,"2"
"5/25/2014 13:00",4,3.233567715,0,28,1005,"NW",53.66,0,0,1,"1"
"5/25/2014 14:00",13,-22.94682121,-1,28,1005,"NW",66.62,0,0,1,"1"
"5/25/2014 15:00",11,-24.1721096,-1,28,1005,"NW",80.48,0,0,1,"1"
"5/25/2014 16:00",33,-2.544885159,-1,28,1005,"NW",92.55,0,0,1,"1"
"5/25/2014 17:00",24,-11.28215408,-1,28,1005,"NW",103.73,0,0,1,"1"
"5/25/2014 18:00",16,15.02529049,0,27,1005,"NW",111.78,0,0,1,"1"
"5/25/2014 19:00",14,13.81946182,1,25,1004,"NW",114.91,0,0,1,"1"
"5/25/2014 20:00",20,19.05758667,3,21,1005,"cv",0.89,0,0,1,"1"
"5/25/2014 21:00",4,3.084256887,0,25,1005,"SE",3.13,0,0,1,"1"
"5/25/2014 22:00",25,24.54508018,7,17,1006,"cv",0.89,0,0,1,"1"
"5/25/2014 23:00",64,63.81588364,9,15,1006,"cv",1.78,0,0,2,"2"
"5/26/2014 0:00",12,11.50345325,8,15,1006,"SE",1.79,0,0,1,"1"
"5/26/2014 1:00",5,4.54678154,7,15,1005,"cv",0.89,0,0,1,"1"
"5/26/2014 2:00",3,2.594369411,7,14,1005,"SE",1.79,0,0,1,"1"
"5/26/2014 3:00",21,-14.10246468,6,14,1004,"cv",0.89,0,0,1,"1"
"5/26/2014 4:00",22,-13.38418388,7,12,1004,"cv",1.78,0,0,1,"1"
"5/26/2014 5:00",3,2.562129736,7,12,1004,"cv",2.67,0,0,1,"1"
"5/26/2014 6:00",9,8.697655678,9,15,1004,"cv",3.56,0,0,1,"1"
"5/26/2014 7:00",22,21.52271652,11,20,1003,"cv",4.45,0,0,1,"1"
"5/26/2014 8:00",3,-43.20022202,4,26,1003,"cv",6.24,0,0,1,"1"
"5/26/2014 9:00",1,0.833599567,4,28,1002,"SE",4.02,0,0,1,"1"
"5/26/2014 10:00",19,18.17435074,1,30,1001,"SE",8.04,0,0,1,"1"
"5/26/2014 11:00",3,2.063428879,1,32,1000,"SE",13.85,0,0,1,"1"
"5/26/2014 12:00",35,34.65735626,3,33,999,"SE",18.77,0,0,1,"1"
"5/26/2014 13:00",31,-4.952814102,3,34,998,"SE",23.69,0,0,1,"1"
"5/26/2014 14:00",27,26.68488312,5,34,997,"SE",31.74,0,0,1,"1"
"5/26/2014 15:00",16,15.3518486,5,33,995,"SE",39.79,0,0,1,"1"
"5/26/2014 16:00",23,22.15127754,5,34,994,"SE",48.73,0,0,1,"1"
"5/26/2014 17:00",43,42.34139633,5,33,993,"SE",55.88,0,0,2,"2"
"5/26/2014 18:00",19,-16.59099197,0,35,993,"NW",7.15,0,0,1,"1"
"5/26/2014 19:00",2,1.20456183,1,34,993,"SE",4.92,0,0,1,"1"
"5/26/2014 20:00",17,-18.24896622,-2,34,994,"NW",7.15,0,0,1,"1"
"5/26/2014 21:00",16,-19.60850716,-2,33,995,"SE",4.02,0,0,1,"1"
"5/26/2014 22:00",3,2.507435799,-1,32,995,"SE",8.04,0,0,1,"1"
"5/26/2014 23:00",18,17.35968018,-1,31,995,"NW",3.13,0,0,1,"1"
"5/27/2014 0:00",37,36.56457901,8,21,995,"cv",0.89,0,0,2,"2"
"5/27/2014 1:00",11,10.58549976,0,26,994,"NW",3.13,0,0,1,"1"
"5/27/2014 2:00",27,26.63922882,8,19,994,"cv",0.89,0,0,1,"1"
"5/27/2014 3:00",87,86.92028809,9,18,994,"cv",1.78,0,0,3,"3"
"5/27/2014 4:00",2,-33.45919418,-2,27,994,"NW",4.92,0,0,1,"1"
"5/27/2014 5:00",19,18.38096237,5,22,994,"NW",8.05,0,0,1,"1"
"5/27/2014 6:00",44,43.66289902,10,21,994,"cv",0.89,0,0,2,"2"
"5/27/2014 7:00",5,-46.8507576,3,30,995,"NW",5.81,0,0,1,"1"
"5/27/2014 8:00",81,80.50649261,5,30,995,"NW",15.64,0,0,3,"3"
"5/27/2014 9:00",58,57.17478561,1,32,995,"NW",28.6,0,0,2,"2"
"5/27/2014 10:00",31,30.30948448,-2,32,995,"NW",43.8,0,0,1,"1"
"5/27/2014 11:00",60,59.88534927,2,31,995,"NW",57.66,0,0,2,"2"
"5/27/2014 12:00",8,7.123095512,3,32,995,"NW",67.49,0,0,1,"1"
"5/27/2014 13:00",52,51.82398987,5,31,995,"NW",78.67,0,0,2,"2"
"5/27/2014 14:00",51,50.81865692,7,28,997,"NW",94.76,0,0,2,"2"
"5/27/2014 15:00",22,-13.87927628,10,26,997,"NW",102.81,0,0,1,"1"
"5/27/2014 16:00",75,74.70586395,10,30,996,"NW",109.96,0,0,2,"2"
"5/27/2014 17:00",12,-23.47785187,9,30,995,"NW",114.88,0,0,1,"1"
"5/27/2014 18:00",20,19.75830841,8,30,995,"NW",118.9,0,0,1,"1"
"5/27/2014 19:00",2,-68.61621857,1,31,997,"NW",130.97,0,0,1,"1"
"5/27/2014 20:00",3,-71.76371765,1,28,998,"NW",136.78,0,0,1,"1"
"5/27/2014 21:00",61,60.72008896,5,23,1000,"cv",0.89,0,0,2,"2"
"5/27/2014 22:00",25,-10.04184532,4,21,1001,"cv",1.34,0,0,1,"1"
"5/27/2014 23:00",41,40.03074265,5,20,1001,"NW",3.13,0,0,2,"2"
"5/28/2014 0:00",14,13.16456032,6,19,1001,"cv",0.89,0,0,1,"1"
"5/28/2014 1:00",2,-42.65431976,3,22,1001,"NW",3.13,0,0,1,"1"
"5/28/2014 2:00",34,33.70199585,6,19,1001,"NE",3.13,0,0,1,"1"
"5/28/2014 3:00",29,28.60570908,6,20,1002,"SE",1.79,0,0,1,"1"
"5/28/2014 4:00",26,25.30506706,9,15,1003,"NE",0.89,0,0,1,"1"
"5/28/2014 5:00",43,42.21562195,9,15,1003,"NE",1.78,0,0,2,"2"
"5/28/2014 6:00",33,-2.846698761,12,18,1003,"cv",0.89,0,0,1,"1"
"5/28/2014 7:00",27,26.75491333,11,23,1004,"cv",1.78,0,0,1,"1"
"5/28/2014 8:00",26,25.37937164,10,25,1004,"cv",2.67,0,0,1,"1"
"5/28/2014 9:00",42,41.62292862,9,27,1004,"cv",3.56,0,0,2,"2"
"5/28/2014 10:00",58,57.86530685,9,29,1003,"SE",1.79,0,0,2,"2"
"5/28/2014 11:00",40,39.00439072,7,33,1002,"cv",1.79,0,0,2,"2"
"5/28/2014 12:00",4,3.67377758,4,35,1001,"SE",4.02,0,0,1,"1"
"5/28/2014 13:00",3,2.247090816,5,36,1000,"SE",8.04,0,0,1,"1"
"5/28/2014 14:00",22,-13.19761658,5,37,999,"SE",12.96,0,0,1,"1"
"5/28/2014 15:00",2,1.304968119,5,37,998,"SE",21.01,0,0,1,"1"
"5/28/2014 16:00",29,28.87815857,5,37,997,"SE",29.95,0,0,1,"1"
"5/28/2014 17:00",17,16.50572968,5,36,996,"SE",38.89,0,0,1,"1"
"5/28/2014 18:00",24,23.4256897,4,35,996,"SE",46.94,0,0,1,"1"
"5/28/2014 19:00",32,31.02029991,7,34,997,"SE",55.88,0,0,1,"1"
"5/28/2014 20:00",65,64.01452637,9,31,998,"SE",57.67,0,0,2,"2"
"5/28/2014 21:00",48,47.15037537,9,32,999,"SE",62.59,0,0,2,"2"
"5/28/2014 22:00",37,36.91738129,9,31,998,"SE",67.51,0,0,2,"2"
"5/28/2014 23:00",48,47.74048233,8,30,997,"SE",72.43,0,0,2,"2"
"5/29/2014 0:00",22,21.70971107,12,23,997,"SE",73.32,0,0,1,"1"
"5/29/2014 1:00",67,66.80852509,12,23,998,"cv",0.89,0,0,2,"2"
"5/29/2014 2:00",66,65.64839172,13,22,997,"cv",1.78,0,0,2,"2"
"5/29/2014 3:00",86,85.92242432,12,21,997,"cv",2.67,0,0,3,"3"
"5/29/2014 4:00",35,34.42134857,13,20,997,"cv",3.12,0,0,1,"1"
"5/29/2014 5:00",23,22.76273727,12,18,997,"cv",4.01,0,0,1,"1"
"5/29/2014 6:00",57,56.53395081,14,21,997,"cv",4.9,0,0,2,"2"
"5/29/2014 7:00",81,80.46681213,14,25,997,"cv",5.79,0,0,3,"3"
"5/29/2014 8:00",89,88.79064178,12,27,998,"cv",6.68,0,0,3,"3"
"5/29/2014 9:00",69,68.64990997,12,30,998,"NE",3.13,0,0,2,"2"
"5/29/2014 10:00",81,80.36920166,11,33,998,"NE",4.92,0,0,3,"3"
"5/29/2014 11:00",89,88.5955658,11,36,998,"cv",1.79,0,0,3,"3"
"5/29/2014 12:00",81,80.86641693,10,37,998,"cv",2.68,0,0,3,"3"
"5/29/2014 13:00",54,53.74180603,7,39,997,"cv",3.57,0,0,2,"2"
"5/29/2014 14:00",35,34.76783371,7,41,997,"cv",5.36,0,0,1,"1"
"5/29/2014 15:00",13,12.90006161,4,42,996,"NW",5.81,0,0,1,"1"
"5/29/2014 16:00",19,18.14391518,4,39,996,"NE",1.79,0,0,1,"1"
"5/29/2014 17:00",17,16.8236618,6,40,996,"cv",0.89,0,0,1,"1"
"5/29/2014 18:00",19,18.86470413,8,38,997,"SE",3.13,0,0,1,"1"
"5/29/2014 19:00",52,51.42990112,9,35,998,"SE",6.26,0,0,2,"2"
"5/29/2014 20:00",28,27.8365612,10,32,999,"cv",0.89,0,0,1,"1"
"5/29/2014 21:00",79,78.78710938,15,28,1000,"cv",2.68,0,0,3,"3"
"5/29/2014 22:00",42,41.89930344,10,29,1001,"SE",1.79,0,0,2,"2"
"5/29/2014 23:00",94,93.82635498,13,26,1002,"NW",3.13,0,0,3,"3"
"5/30/2014 0:00",71,70.9418869,13,25,1002,"cv",0.89,0,0,2,"2"
"5/30/2014 1:00",45,44.52105331,13,27,1003,"SE",1.79,0,0,2,"2"
"5/30/2014 2:00",69,68.20450592,14,25,1003,"NE",1.79,0,0,2,"2"
"5/30/2014 3:00",92,91.69224548,13,23,1003,"NW",1.79,0,0,3,"3"
"5/30/2014 4:00",56,55.98459244,11,22,1004,"NW",3.58,0,0,2,"2"
"5/30/2014 5:00",74,73.59455109,10,21,1005,"NW",6.71,0,0,2,"2"
"5/30/2014 6:00",69,68.6209259,12,23,1006,"NW",8.5,0,0,2,"2"
"5/30/2014 7:00",55,54.64377594,12,26,1006,"NW",10.29,0,0,2,"2"
"5/30/2014 8:00",64,63.02850342,12,30,1007,"cv",0.89,0,0,2,"2"
"5/30/2014 9:00",68,67.78747559,12,31,1007,"SE",1.79,0,0,2,"2"
"5/30/2014 10:00",108,107.6379852,12,32,1007,"SE",5.81,0,0,3,"3"
"5/30/2014 11:00",95,94.16143799,12,33,1007,"SE",9.83,0,0,3,"3"
"5/30/2014 12:00",105,104.5821533,14,33,1007,"SE",14.75,0,0,3,"3"
"5/30/2014 13:00",124,123.2215576,14,34,1006,"SE",19.67,0,0,3,"3"
"5/30/2014 14:00",71,70.29260254,14,35,1005,"SE",23.69,0,0,2,"2"
"5/30/2014 15:00",100,99.83983612,15,34,1005,"SE",27.71,0,0,3,"3"
"5/30/2014 16:00",88,87.88509369,15,33,1005,"SE",33.52,0,0,3,"3"
"5/30/2014 17:00",110,109.054184,14,33,1005,"SE",37.54,0,0,3,"3"
"5/30/2014 18:00",107,106.2627869,13,31,1005,"SE",41.56,0,0,3,"3"
"5/30/2014 19:00",82,81.14126587,15,30,1006,"SE",44.69,0,0,3,"3"
"5/30/2014 20:00",83,82.11491394,14,28,1006,"SE",47.82,0,0,3,"3"
"5/30/2014 21:00",75,74.39813995,14,27,1007,"SE",50.95,0,0,2,"2"
"5/30/2014 22:00",67,66.55807495,12,27,1008,"SE",54.08,0,0,2,"2"
"5/30/2014 23:00",95,94.71569824,12,25,1008,"SE",55.87,0,0,3,"3"
"5/31/2014 0:00",84,83.63179779,13,24,1008,"SE",56.76,0,0,3,"3"
"5/31/2014 1:00",73,72.94462585,13,22,1008,"SE",57.65,0,0,2,"2"
"5/31/2014 2:00",89,88.53220367,14,22,1008,"cv",0.89,0,0,3,"3"
"5/31/2014 3:00",95,94.8894043,14,21,1008,"cv",1.78,0,0,3,"3"
"5/31/2014 4:00",108,107.5857162,14,21,1008,"cv",2.67,0,0,3,"3"
"5/31/2014 5:00",90,89.71640015,15,20,1008,"SE",0.89,0,0,3,"3"
"5/31/2014 6:00",117,116.9643936,16,21,1008,"SE",1.78,0,0,3,"3"
"5/31/2014 7:00",118,117.203537,15,24,1008,"cv",0.89,0,0,3,"3"
"5/31/2014 8:00",117,116.3536148,14,25,1009,"cv",1.78,0,0,3,"3"
"5/31/2014 9:00",113,112.5853958,13,26,1009,"cv",2.67,0,0,3,"3"
"5/31/2014 10:00",123,122.4647217,13,28,1008,"NE",1.79,0,0,3,"3"
"5/31/2014 11:00",140,139.1029358,14,30,1008,"SE",1.79,0,0,3,"3"
"5/31/2014 12:00",140,139.388031,14,32,1007,"cv",1.79,0,0,3,"3"
"5/31/2014 13:00",144,143.4834442,15,33,1007,"SE",1.79,0,0,3,"3"
"5/31/2014 14:00",121,120.6578827,16,33,1006,"cv",0.89,0,0,3,"3"
"5/31/2014 15:00",130,129.3490295,14,33,1005,"SE",3.13,0,0,3,"3"
"5/31/2014 16:00",155,154.274704,16,34,1005,"SE",6.26,0,0,4,"4"
"5/31/2014 17:00",161,160.6754303,17,33,1005,"SE",9.39,0,0,4,"4"
"5/31/2014 18:00",143,142.8033295,17,32,1005,"SE",11.18,0,0,3,"3"
"5/31/2014 19:00",123,122.9438324,17,31,1005,"SE",12.97,0,0,3,"3"
"5/31/2014 20:00",148,147.6018524,18,30,1005,"SE",13.86,0,0,3,"3"
"5/31/2014 21:00",144,143.7114105,18,30,1005,"SE",16.99,0,0,3,"3"
"5/31/2014 22:00",156,155.479248,18,22,1010,"SE",30.85,0,1,4,"4"
"5/31/2014 23:00",113,112.127327,18,21,1009,"NW",8.94,0,2,3,"3"
"6/1/2014 0:00",98,97.87711334,18,22,1010,"NW",14.75,0,0,3,"3"
"6/1/2014 1:00",94,93.84737396,18,21,1009,"cv",0.89,0,0,3,"3"
"6/1/2014 2:00",83,82.3832016,18,21,1008,"NW",4.02,0,0,3,"3"
"6/1/2014 3:00",47,46.84199905,17,21,1009,"NW",7.15,0,0,2,"2"
"6/1/2014 4:00",52,51.02716446,18,21,1009,"NE",1.79,0,0,2,"2"
"6/1/2014 5:00",73,72.48890686,17,21,1008,"NW",4.92,0,0,2,"2"
"6/1/2014 6:00",53,52.44288635,17,22,1008,"NW",9.84,0,0,2,"2"
"6/1/2014 7:00",61,60.29550171,17,22,1008,"NW",14.76,0,0,2,"2"
"6/1/2014 8:00",33,32.26036835,16,23,1007,"NW",20.57,0,0,1,"1"
"6/1/2014 9:00",49,48.73572159,16,27,1007,"NW",25.49,0,0,2,"2"
"6/1/2014 10:00",68,67.45587921,16,29,1007,"NW",28.62,0,0,2,"2"
"6/1/2014 11:00",56,55.48200226,15,30,1007,"NW",31.75,0,0,2,"2"
"6/1/2014 12:00",67,66.27458191,16,31,1007,"NE",3.13,0,0,2,"2"
"6/1/2014 13:00",35,34.52637482,13,31,1007,"NE",4.92,0,0,1,"1"
"6/1/2014 14:00",46,45.07063293,14,31,1006,"NE",6.71,0,0,2,"2"
"6/1/2014 15:00",44,43.4742012,18,27,1006,"SE",4.92,0,0,2,"2"
"6/1/2014 16:00",72,71.76461029,18,27,1006,"SE",9.84,0,0,2,"2"
"6/1/2014 17:00",70,69.05615997,18,26,1007,"SE",13.86,0,0,2,"2"
"6/1/2014 18:00",88,87.64833069,17,21,1009,"SE",19.67,0,1,3,"3"
"6/1/2014 19:00",89,88.78139496,16,21,1009,"SE",21.46,0,2,3,"3"
"6/1/2014 20:00",65,64.42710876,17,20,1011,"NW",4.02,0,3,2,"2"
"6/1/2014 21:00",85,84.17090607,17,19,1011,"NW",7.15,0,0,3,"3"
"6/1/2014 22:00",55,54.58641434,16,20,1012,"NE",3.13,0,0,2,"2"
"6/1/2014 23:00",48,47.65470886,15,21,1012,"SE",1.79,0,0,2,"2"
"6/2/2014 0:00",42,41.06147385,13,21,1012,"SE",3.58,0,0,2,"2"
"6/2/2014 1:00",56,55.01346207,13,20,1012,"cv",0.89,0,0,2,"2"
"6/2/2014 2:00",67,66.79258728,13,19,1012,"SE",1.79,0,0,2,"2"
"6/2/2014 3:00",58,57.32574081,12,19,1012,"SE",3.58,0,0,2,"2"
"6/2/2014 4:00",55,54.42204666,12,20,1012,"SE",5.37,0,0,2,"2"
"6/2/2014 5:00",53,52.60555267,13,19,1012,"cv",0.45,0,0,2,"2"
"6/2/2014 6:00",24,23.14347458,14,19,1013,"NW",3.13,0,0,1,"1"
"6/2/2014 7:00",29,28.38183784,14,19,1013,"NE",1.79,0,0,1,"1"
"6/2/2014 8:00",43,42.27721786,14,21,1013,"NW",3.13,0,0,2,"2"
"6/2/2014 9:00",31,30.29025269,13,21,1013,"NW",6.26,0,0,1,"1"
"6/2/2014 10:00",43,42.92791367,15,21,1013,"NE",1.79,0,0,2,"2"
"6/2/2014 11:00",33,-2.999103069,14,23,1012,"cv",0.89,0,0,1,"1"
"6/2/2014 12:00",41,40.13840485,13,26,1012,"cv",2.68,0,0,2,"2"
"6/2/2014 13:00",14,13.50301552,12,24,1012,"NE",1.79,0,0,1,"1"
"6/2/2014 14:00",29,28.87708855,11,25,1011,"SE",1.79,0,0,1,"1"
"6/2/2014 15:00",24,23.31567764,12,25,1010,"SE",4.92,0,0,1,"1"
"6/2/2014 16:00",28,27.16248703,11,26,1010,"cv",0.89,0,0,1,"1"
"6/2/2014 17:00",37,36.82667923,11,26,1009,"SE",1.79,0,0,2,"2"
"6/2/2014 18:00",36,35.7684288,12,26,1009,"cv",0.89,0,0,2,"2"
"6/2/2014 19:00",37,36.47809219,12,25,1009,"SE",3.13,0,0,2,"2"
"6/2/2014 20:00",34,33.53821182,12,24,1010,"NW",3.13,0,0,1,"1"
"6/2/2014 21:00",65,64.69920349,12,24,1010,"NW",6.26,0,0,2,"2"
"6/2/2014 22:00",58,57.45610809,12,24,1010,"NW",10.28,0,0,2,"2"
"6/2/2014 23:00",52,51.52324677,13,22,1010,"NW",13.41,0,0,2,"2"
"6/3/2014 0:00",50,49.94989777,13,22,1009,"NW",16.54,0,0,2,"2"
"6/3/2014 1:00",50,49.37884521,13,20,1009,"NW",19.67,0,0,2,"2"
"6/3/2014 2:00",65,64.01953888,13,19,1008,"NW",20.56,0,0,2,"2"
"6/3/2014 3:00",61,60.9070816,13,17,1008,"NW",22.35,0,0,2,"2"
"6/3/2014 4:00",65,64.6231842,13,17,1008,"NW",26.37,0,0,2,"2"
"6/3/2014 5:00",35,34.36582947,13,17,1008,"NE",0.89,0,0,1,"1"
"6/3/2014 6:00",28,27.569664,14,20,1008,"NW",4.02,0,0,1,"1"
"6/3/2014 7:00",48,47.15309143,14,23,1009,"NW",7.15,0,0,2,"2"
"6/3/2014 8:00",41,40.71950912,13,24,1009,"NW",10.28,0,0,2,"2"
"6/3/2014 9:00",21,20.99552345,13,27,1009,"NW",13.41,0,0,1,"1"
"6/3/2014 10:00",48,47.61517334,12,28,1009,"NW",15.2,0,0,2,"2"
"6/3/2014 11:00",46,45.33356476,12,29,1008,"cv",0.89,0,0,2,"2"
"6/3/2014 12:00",47,46.27066803,12,30,1008,"SE",1.79,0,0,2,"2"
"6/3/2014 13:00",29,28.54178619,12,31,1007,"SE",4.92,0,0,1,"1"
"6/3/2014 14:00",35,34.46694946,12,31,1006,"SE",8.05,0,0,1,"1"
"6/3/2014 15:00",38,37.79741287,12,32,1006,"SE",12.07,0,0,2,"2"
"6/3/2014 16:00",38,37.89189148,12,32,1006,"SE",16.09,0,0,2,"2"
"6/3/2014 17:00",62,61.73360825,13,31,1006,"SE",20.11,0,0,2,"2"
"6/3/2014 18:00",30,29.79977989,12,30,1006,"SE",23.24,0,0,1,"1"
"6/3/2014 19:00",59,58.91878128,13,28,1006,"SE",26.37,0,0,2,"2"
"6/3/2014 20:00",52,51.3981781,13,28,1007,"SE",28.16,0,0,2,"2"
"6/3/2014 21:00",45,44.63761902,13,27,1007,"SE",29.95,0,0,2,"2"
"6/3/2014 22:00",66,65.82582092,14,26,1008,"SE",34.87,0,0,2,"2"
"6/3/2014 23:00",58,57.26088715,14,24,1008,"SE",38,0,0,2,"2"
"6/4/2014 0:00",69,68.09026337,14,23,1008,"SE",39.79,0,0,2,"2"
"6/4/2014 1:00",63,62.68465424,15,21,1008,"NE",1.79,0,0,2,"2"
"6/4/2014 2:00",70,69.72523499,15,21,1008,"NE",2.68,0,0,2,"2"
"6/4/2014 3:00",61,60.5580368,15,20,1008,"NE",3.57,0,0,2,"2"
"6/4/2014 4:00",79,78.23473358,16,20,1007,"NE",4.46,0,0,3,"3"
"6/4/2014 5:00",78,77.38100433,16,19,1007,"cv",0.89,0,0,3,"3"
"6/4/2014 6:00",96,95.19810486,17,20,1007,"cv",1.78,0,0,3,"3"
"6/4/2014 7:00",98,97.76891327,17,24,1008,"cv",2.67,0,0,3,"3"
"6/4/2014 8:00",106,105.3066864,16,25,1007,"cv",3.56,0,0,3,"3"
"6/4/2014 9:00",100,99.69592285,15,26,1007,"cv",4.45,0,0,3,"3"
"6/4/2014 10:00",86,85.7465744,14,27,1007,"SE",3.13,0,0,3,"3"
"6/4/2014 11:00",101,100.7947464,14,28,1007,"SE",6.26,0,0,3,"3"
"6/4/2014 12:00",82,81.29863739,14,29,1006,"cv",1.79,0,0,3,"3"
"6/4/2014 13:00",57,56.28785324,13,29,1005,"SE",3.13,0,0,2,"2"
"6/4/2014 14:00",49,48.03418732,13,31,1005,"SE",6.26,0,0,2,"2"
"6/4/2014 15:00",49,48.12961578,13,30,1004,"SE",9.39,0,0,2,"2"
"6/4/2014 16:00",77,76.02028656,13,30,1004,"SE",13.41,0,0,3,"3"
"6/4/2014 17:00",71,70.03331757,14,29,1004,"SE",17.43,0,0,2,"2"
"6/4/2014 18:00",77,76.44078827,14,29,1004,"SE",22.35,0,0,3,"3"
"6/4/2014 19:00",68,67.78250122,14,28,1004,"SE",26.37,0,0,2,"2"
"6/4/2014 20:00",80,79.70016479,15,27,1004,"SE",29.5,0,0,3,"3"
"6/4/2014 21:00",67,66.1146698,14,27,1005,"SE",31.29,0,0,2,"2"
"6/4/2014 22:00",78,77.81417847,14,27,1005,"NW",1.79,0,0,3,"3"
"6/4/2014 23:00",92,91.41991425,15,27,1005,"SE",3.13,0,0,3,"3"
"6/5/2014 0:00",86,85.55812073,15,26,1005,"NW",1.79,0,0,3,"3"
"6/5/2014 1:00",80,79.88279724,16,24,1005,"SE",1.79,0,0,3,"3"
"6/5/2014 2:00",81,80.98274994,17,23,1005,"SE",4.92,0,0,3,"3"
"6/5/2014 3:00",84,83.80199432,16,22,1005,"SE",6.71,0,0,3,"3"
"6/5/2014 4:00",96,95.81867981,16,21,1005,"SE",8.5,0,0,3,"3"
"6/5/2014 5:00",90,89.79113007,16,20,1006,"NE",0.89,0,0,3,"3"
"6/5/2014 6:00",107,106.2740707,17,21,1006,"cv",0.89,0,0,3,"3"
"6/5/2014 7:00",102,101.8893204,17,22,1006,"SE",1.79,0,0,3,"3"
"6/5/2014 8:00",121,120.7627869,17,25,1006,"cv",0.89,0,0,3,"3"
"6/5/2014 9:00",117,116.450882,17,27,1006,"NE",1.79,0,0,3,"3"
"6/5/2014 10:00",111,110.7483978,16,29,1006,"cv",0.89,0,0,3,"3"
"6/5/2014 11:00",82,81.79854584,16,30,1005,"cv",2.68,0,0,3,"3"
"6/5/2014 12:00",80,79.90402985,15,31,1005,"NW",3.13,0,0,3,"3"
"6/5/2014 13:00",46,45.36978912,14,33,1004,"cv",1.79,0,0,2,"2"
"6/5/2014 14:00",47,46.94839478,13,34,1003,"NW",3.13,0,0,2,"2"
"6/5/2014 15:00",50,49.29124832,13,34,1003,"SE",3.13,0,0,2,"2"
"6/5/2014 16:00",47,46.84967041,13,33,1002,"SE",4.92,0,0,2,"2"
"6/5/2014 17:00",62,61.23114014,13,34,1002,"cv",0.89,0,0,2,"2"
"6/5/2014 18:00",68,67.53338623,14,33,1002,"SE",4.02,0,0,2,"2"
"6/5/2014 19:00",73,72.32324982,14,31,1002,"SE",8.04,0,0,2,"2"
"6/5/2014 20:00",53,52.96934509,15,31,1002,"SE",11.17,0,0,2,"2"
"6/5/2014 21:00",59,58.05779266,14,30,1003,"SE",14.3,0,0,2,"2"
"6/5/2014 22:00",82,81.25785065,15,30,1003,"SE",18.32,0,0,3,"3"
"6/5/2014 23:00",82,81.10129547,16,26,1003,"SE",20.11,0,0,3,"3"
"6/6/2014 0:00",96,95.08344269,16,27,1003,"SE",23.24,0,0,3,"3"
"6/6/2014 1:00",88,87.60288239,19,25,1004,"SE",27.26,0,0,3,"3"
"6/6/2014 2:00",118,117.2077408,19,24,1004,"SE",29.05,0,0,3,"3"
"6/6/2014 3:00",96,95.29248047,17,23,1004,"SE",32.18,0,0,3,"3"
"6/6/2014 4:00",120,119.8865891,17,22,1004,"cv",0.89,0,0,3,"3"
"6/6/2014 5:00",88,87.60681152,17,22,1005,"SE",1.79,0,0,3,"3"
"6/6/2014 6:00",97,96.23884583,17,22,1005,"cv",0.89,0,0,3,"3"
"6/6/2014 7:00",78,77.01718903,17,23,1004,"SE",1.79,0,0,3,"3"
"6/6/2014 8:00",70,69.53477478,18,25,1004,"SE",3.58,0,0,2,"2"
"6/6/2014 9:00",98,97.04190063,18,26,1004,"SE",6.71,0,0,3,"3"
"6/6/2014 10:00",106,105.5976563,18,26,1004,"SE",9.84,0,0,3,"3"
"6/6/2014 11:00",105,104.3447571,18,27,1004,"cv",0.89,0,0,3,"3"
"6/6/2014 12:00",88,87.89272308,16,22,1005,"NW",11.18,0,1,3,"3"
"6/6/2014 13:00",109,108.5189972,18,19,1005,"NW",16.99,0,2,3,"3"
"6/6/2014 14:00",17,16.76915741,17,19,1005,"NW",24.14,0,3,1,"1"
"6/6/2014 15:00",19,18.47713661,17,19,1005,"NW",29.06,0,4,1,"1"
"6/6/2014 16:00",20,-15.17218781,16,18,1004,"NE",4.92,0,5,1,"1"
"6/6/2014 17:00",10,9.760498047,16,18,1005,"NW",5.81,0,6,1,"1"
"6/6/2014 18:00",35,-0.649169207,16,18,1005,"NE",3.13,0,7,1,"1"
"6/6/2014 19:00",1,0.894162416,15,18,1005,"NE",7.15,0,0,1,"1"
"6/6/2014 20:00",15,14.18333626,14,18,1005,"NW",3.13,0,0,1,"1"
"6/6/2014 21:00",5,4.234816074,14,18,1005,"NE",3.13,0,0,1,"1"
"6/6/2014 22:00",27,-8.613176346,14,17,1005,"NW",1.79,0,0,1,"1"
"6/6/2014 23:00",5,4.166946411,14,16,1005,"NW",4.92,0,0,1,"1"
"6/7/2014 0:00",42,41.41924286,14,16,1005,"cv",0.89,0,0,2,"2"
"6/7/2014 1:00",25,24.94103432,14,15,1005,"cv",1.78,0,0,1,"1"
"6/7/2014 2:00",42,41.13640213,13,17,1005,"NE",1.79,0,0,2,"2"
"6/7/2014 3:00",15,14.94611931,12,15,1005,"NW",1.79,0,0,1,"1"
"6/7/2014 4:00",19,18.57657242,11,17,1005,"NE",3.13,0,0,1,"1"
"6/7/2014 5:00",20,-15.88590813,11,15,1005,"NW",1.79,0,0,1,"1"
"6/7/2014 6:00",11,10.75119781,12,18,1005,"NW",4.92,0,0,1,"1"
"6/7/2014 7:00",16,-19.57589149,12,20,1005,"NW",10.73,0,0,1,"1"
"6/7/2014 8:00",15,-20.01886749,11,22,1006,"NW",15.65,0,0,1,"1"
"6/7/2014 9:00",31,-4.579284191,10,24,1006,"NW",22.8,0,0,1,"1"
"6/7/2014 10:00",1,0.392527103,10,26,1005,"NW",28.61,0,0,1,"1"
"6/7/2014 11:00",9,8.648672104,9,26,1005,"NW",33.53,0,0,1,"1"
"6/7/2014 12:00",1,0.272055387,9,27,1005,"NW",38.45,0,0,1,"1"
"6/7/2014 13:00",22,-13.75865555,9,28,1004,"NW",41.58,0,0,1,"1"
"6/7/2014 14:00",19,-16.10301781,8,29,1003,"NW",46.5,0,0,1,"1"
"6/7/2014 15:00",17,-18.69507599,9,29,1002,"NW",51.42,0,0,1,"1"
"6/7/2014 16:00",14,-21.85793495,8,30,1001,"NW",54.55,0,0,1,"1"
"6/7/2014 17:00",1,0.07152009,10,29,1001,"NE",3.13,0,0,1,"1"
"6/7/2014 18:00",27,-8.905452728,10,28,1002,"SE",4.02,0,0,1,"1"
"6/7/2014 19:00",8,7.247979164,11,26,1002,"SE",5.81,0,0,1,"1"
"6/7/2014 20:00",29,-6.349065781,11,24,1002,"SE",7.6,0,0,1,"1"
"6/7/2014 21:00",20,19.17179298,14,21,1003,"SE",9.39,0,0,1,"1"
"6/7/2014 22:00",20,19.94930649,13,21,1003,"SE",11.18,0,0,1,"1"
"6/7/2014 23:00",12,11.21244526,13,19,1003,"cv",0.89,0,0,1,"1"
"6/8/2014 0:00",39,38.13402557,15,19,1003,"cv",1.78,0,0,2,"2"
"6/8/2014 1:00",16,15.19437885,14,18,1003,"NE",1.79,0,0,1,"1"
"6/8/2014 2:00",63,62.56924057,13,18,1003,"cv",0.89,0,0,2,"2"
"6/8/2014 3:00",31,30.84351921,13,17,1003,"cv",1.78,0,0,1,"1"
"6/8/2014 4:00",21,20.46380997,13,17,1003,"cv",2.67,0,0,1,"1"
"6/8/2014 5:00",32,-3.399508953,14,17,1003,"NW",1.79,0,0,1,"1"
"6/8/2014 6:00",7,6.956098557,13,18,1003,"NW",3.58,0,0,1,"1"
"6/8/2014 7:00",15,14.95087719,14,19,1003,"NW",6.71,0,0,1,"1"
"6/8/2014 8:00",22,21.55979538,14,21,1003,"NE",1.79,0,0,1,"1"
"6/8/2014 9:00",24,23.50774574,13,23,1003,"cv",0.89,0,0,1,"1"
"6/8/2014 10:00",51,50.31541824,14,25,1002,"NE",1.79,0,0,2,"2"
"6/8/2014 11:00",53,52.59127426,14,27,1002,"cv",1.79,0,0,2,"2"
"6/8/2014 12:00",48,47.45060349,13,28,1001,"SE",1.79,0,0,2,"2"
"6/8/2014 13:00",41,40.68598175,12,30,1000,"SE",4.92,0,0,2,"2"
"6/8/2014 14:00",7,6.310873032,11,30,999,"cv",1.79,0,0,1,"1"
"6/8/2014 15:00",43,43,14,19,1002,"NW",4.92,0,1,2,"2"
"6/8/2014 16:00",11,11,14,20,1002,"SE",3.13,0,0,1,"1"
"6/8/2014 17:00",11,11,14,21,1002,"SE",4.02,0,0,1,"1"
"6/8/2014 18:00",19,19,15,22,1001,"SE",8.94,0,0,1,"1"
"6/8/2014 19:00",25,25,15,22,1001,"SE",12.96,0,0,1,"1"
"6/8/2014 20:00",30,30,15,19,1002,"NE",1.79,0,0,1,"1"
"6/8/2014 21:00",44,44,14,19,1002,"cv",0.89,0,0,2,"2"
"6/8/2014 22:00",38,38,15,18,1002,"cv",1.78,0,0,2,"2"
"6/8/2014 23:00",33,33,14,17,1002,"NW",1.79,0,0,1,"1"
"6/9/2014 0:00",34,34,14,17,1002,"NW",4.92,0,0,1,"1"
"6/9/2014 1:00",35,35,14,16,1003,"cv",0.89,0,0,1,"1"
